-0.0446  	0.29355  	0.34808  	-0.8389  	-0.7027  	-0.7830  	0.16078  	-0.3095  	0.25887  	0.20547  	0.07143  	0.18171  	0.16209  	0.18298  	-0.1671  	1.14774  	0.37981  	0.14058  	0.50786  	0.40677  	-0.3180  	-0.2348  	-0.1210  	0.24146  	0.11138  	0.09305  	-0.2211  	-0.2787  	-0.4055  	0.02482  	0.09953  	0.22201  	-0.2045  	0.04063  	0.41160  	-0.0452  	0.41885  	0.19415  	-0.4756  	0.25817  	0.55287  	0.00802  	-0.0537  	0.33870  	0.02882  	-0.0277  	0.00401  	0.02728  	-0.0152  	0.08109  	0.00614  	0.00467  	-0.0269  	0.03689  	-0.0252  	-0.0532  	-0.0416  	-0.0294  	-0.0295  	0.03295  	0.00770  	0.00074  	0.09159  	-0.0014  	0.03365  	-0.0326  	0.05250  	0.00730  	-0.0176  	0.52399  	1.05715  	129.237  	107.608  	
-0.0446  	0.29355  	0.34808  	-0.8389  	-0.7027  	-0.7830  	0.16078  	-0.3095  	0.25887  	0.20547  	0.07143  	0.18171  	0.16209  	0.18298  	-0.1671  	1.14774  	0.37981  	0.14058  	0.50786  	0.40677  	-0.3180  	-0.2348  	-0.1210  	0.24146  	0.11138  	0.09305  	-0.2211  	-0.2787  	-0.4055  	0.02482  	0.09953  	0.22201  	-0.2045  	0.04063  	0.41160  	-0.0452  	0.41885  	0.19415  	-0.4756  	0.25817  	0.55287  	0.00802  	-0.0537  	0.33870  	0.02882  	-0.0277  	0.00401  	0.02728  	-0.0152  	0.08109  	0.00614  	0.00467  	-0.0269  	0.03689  	-0.0252  	-0.0532  	-0.0416  	-0.0294  	-0.0295  	0.03295  	0.00770  	0.00074  	0.09159  	-0.0014  	0.03180  	-0.0324  	0.05429  	0.00613  	-0.0169  	0.52961  	1.05715  	129.237  	107.608  	
-0.0446  	0.29355  	0.34808  	-0.8389  	-0.7027  	-0.7830  	0.16078  	-0.3095  	0.25887  	0.20547  	0.07143  	0.18171  	0.16209  	0.18298  	-0.1671  	1.14774  	0.37981  	0.14058  	0.50786  	0.40677  	-0.3180  	-0.2348  	-0.1210  	0.24146  	0.11138  	0.09305  	-0.2211  	-0.2787  	-0.4055  	0.02482  	0.09953  	0.22201  	-0.2045  	0.04063  	0.41160  	-0.0452  	0.41885  	0.19415  	-0.4756  	0.25817  	0.55287  	0.00802  	-0.0537  	0.33870  	0.02882  	-0.0277  	0.00401  	0.02728  	-0.0152  	0.08109  	0.00614  	0.00467  	-0.0269  	0.03689  	-0.0252  	-0.0532  	-0.0416  	-0.0294  	-0.0295  	0.03295  	0.00770  	0.00074  	0.09159  	-0.0014  	0.03038  	-0.0323  	0.05567  	0.00505  	-0.0165  	0.53457  	1.05715  	129.237  	107.608  	
-0.0446  	0.29355  	0.34808  	-0.8389  	-0.7027  	-0.7830  	0.16078  	-0.3095  	0.25887  	0.20547  	0.07143  	0.18171  	0.16209  	0.18298  	-0.1671  	1.14774  	0.37981  	0.14058  	0.50786  	0.40677  	-0.3180  	-0.2348  	-0.1210  	0.24146  	0.11138  	0.09305  	-0.2211  	-0.2787  	-0.4055  	0.02482  	0.09953  	0.22201  	-0.2045  	0.04063  	0.41160  	-0.0452  	0.41885  	0.19415  	-0.4756  	0.25817  	0.55287  	0.00802  	-0.0537  	0.33870  	0.02882  	-0.0277  	0.00401  	0.02728  	-0.0152  	0.08109  	0.00614  	0.00467  	-0.0269  	0.03689  	-0.0252  	-0.0532  	-0.0416  	-0.0294  	-0.0295  	0.03295  	0.00770  	0.00074  	0.09159  	-0.0014  	0.02938  	-0.0325  	0.05663  	0.00405  	-0.0162  	0.53887  	1.05715  	129.237  	107.608  	
-0.0446  	0.29355  	0.34808  	-0.8389  	-0.7027  	-0.7830  	0.16078  	-0.3095  	0.25887  	0.20547  	0.07143  	0.18171  	0.16209  	0.18298  	-0.1671  	1.14774  	0.37981  	0.14058  	0.50786  	0.40677  	-0.3180  	-0.2348  	-0.1210  	0.24146  	0.11138  	0.09305  	-0.2211  	-0.2787  	-0.4055  	0.02482  	0.09953  	0.22201  	-0.2045  	0.04063  	0.41160  	-0.0452  	0.41885  	0.19415  	-0.4756  	0.25817  	0.55287  	0.00802  	-0.0537  	0.33870  	0.02882  	-0.0277  	0.00401  	0.02728  	-0.0152  	0.08109  	0.00614  	0.00467  	-0.0269  	0.03689  	-0.0252  	-0.0532  	-0.0416  	-0.0294  	-0.0295  	0.03295  	0.00770  	0.00074  	0.09159  	-0.0014  	0.02879  	-0.0330  	0.05718  	0.00316  	-0.0163  	0.54251  	1.05715  	129.237  	107.608  	
-0.0446  	0.29355  	0.34808  	-0.8389  	-0.7027  	-0.7830  	0.16078  	-0.3095  	0.25887  	0.20547  	0.07143  	0.18171  	0.16209  	0.18298  	-0.1671  	1.14774  	0.37981  	0.14058  	0.50786  	0.40677  	-0.3180  	-0.2348  	-0.1210  	0.24146  	0.11138  	0.09305  	-0.2211  	-0.2787  	-0.4055  	0.02482  	0.09953  	0.22201  	-0.2045  	0.04063  	0.41160  	-0.0452  	0.41885  	0.19415  	-0.4756  	0.25817  	0.55287  	0.00802  	-0.0537  	0.33870  	0.02882  	-0.0277  	0.00401  	0.02728  	-0.0152  	0.08109  	0.00614  	0.00467  	-0.0269  	0.03689  	-0.0252  	-0.0532  	-0.0416  	-0.0294  	-0.0295  	0.03295  	0.00770  	0.00074  	0.09159  	-0.0014  	0.02864  	-0.0337  	0.05732  	0.00235  	-0.0165  	0.54549  	1.05715  	129.237  	107.608  	
-0.0446  	0.29355  	0.34808  	-0.8389  	-0.7027  	-0.7830  	0.16078  	-0.3095  	0.25887  	0.20547  	0.07143  	0.18171  	0.16209  	0.18298  	-0.1671  	1.14774  	0.37981  	0.14058  	0.50786  	0.40677  	-0.3180  	-0.2348  	-0.1210  	0.24146  	0.11138  	0.09305  	-0.2211  	-0.2787  	-0.4055  	0.02482  	0.09953  	0.22201  	-0.2045  	0.04063  	0.41160  	-0.0452  	0.41885  	0.19415  	-0.4756  	0.25817  	0.55287  	0.00802  	-0.0537  	0.33870  	0.02882  	-0.0277  	0.00401  	0.02728  	-0.0152  	0.08109  	0.00614  	0.00467  	-0.0269  	0.03689  	-0.0252  	-0.0532  	-0.0416  	-0.0294  	-0.0295  	0.03295  	0.00770  	0.00074  	0.09159  	-0.0014  	0.02890  	-0.0346  	0.05705  	0.00163  	-0.0170  	0.54781  	1.05715  	129.237  	107.608  	
-0.0446  	0.29355  	0.34808  	-0.8389  	-0.7027  	-0.7830  	0.16078  	-0.3095  	0.25887  	0.20547  	0.07143  	0.18171  	0.16209  	0.18298  	-0.1671  	1.14774  	0.37981  	0.14058  	0.50786  	0.40677  	-0.3180  	-0.2348  	-0.1210  	0.24146  	0.11138  	0.09305  	-0.2211  	-0.2787  	-0.4055  	0.02482  	0.09953  	0.22201  	-0.2045  	0.04063  	0.41160  	-0.0452  	0.41885  	0.19415  	-0.4756  	0.25817  	0.55287  	0.00802  	-0.0537  	0.33870  	0.02882  	-0.0277  	0.00401  	0.02728  	-0.0152  	0.08109  	0.00614  	0.00467  	-0.0269  	0.03689  	-0.0252  	-0.0532  	-0.0416  	-0.0294  	-0.0295  	0.03295  	0.00770  	0.00074  	0.09159  	-0.0014  	0.02964  	-0.0372  	0.05610  	0.00172  	-0.0187  	0.54743  	1.05715  	129.237  	107.608  	
-0.0446  	0.29355  	0.34808  	-0.8389  	-0.7027  	-0.7830  	0.16078  	-0.3095  	0.25887  	0.20547  	0.07143  	0.18171  	0.16209  	0.18298  	-0.1671  	1.14774  	0.37981  	0.14058  	0.50786  	0.40677  	-0.3180  	-0.2348  	-0.1210  	0.24146  	0.11138  	0.09305  	-0.2211  	-0.2787  	-0.4055  	0.02482  	0.09953  	0.22201  	-0.2045  	0.04063  	0.41160  	-0.0452  	0.41885  	0.19415  	-0.4756  	0.25817  	0.55287  	0.00802  	-0.0537  	0.33870  	0.02882  	-0.0277  	0.00401  	0.02728  	-0.0152  	0.08109  	0.00614  	0.00467  	-0.0269  	0.03689  	-0.0252  	-0.0532  	-0.0416  	-0.0294  	-0.0295  	0.03295  	0.00770  	0.00074  	0.09159  	-0.0014  	0.02997  	-0.0391  	0.05467  	0.00120  	-0.0194  	0.54446  	1.05715  	129.237  	107.608  	
-0.3906  	0.20218  	0.18338  	-1.0593  	-0.7313  	-0.9895  	0.14361  	-0.4872  	0.18775  	0.35648  	0.02836  	0.17157  	0.18571  	0.03999  	-0.4713  	1.09847  	0.33643  	0.29239  	0.48879  	0.55754  	-0.6096  	-0.3166  	-0.2467  	0.07533  	0.11633  	0.14827  	-0.4528  	0.09443  	-0.1572  	-0.0003  	0.15903  	0.16775  	-0.1702  	0.04789  	0.21096  	0.07138  	0.17888  	0.12362  	-0.3562  	0.33596  	0.66092  	-0.0045  	-0.0271  	0.34478  	0.01989  	-0.0284  	0.01960  	0.03121  	-0.0237  	0.08648  	0.01729  	0.00136  	-0.0284  	0.02787  	-0.0224  	-0.0713  	-0.0363  	-0.0321  	-0.0216  	0.02402  	0.00921  	0.00368  	0.09998  	0.00762  	0.03180  	-0.0407  	0.05285  	0.00043  	-0.0199  	0.54592  	1.05715  	129.237  	107.608  	
-0.4513  	0.13733  	0.03792  	-1.0795  	-0.6902  	-1.0575  	0.14758  	-0.5983  	0.13904  	0.44578  	-0.0012  	0.15795  	0.12989  	-0.0712  	-0.6541  	0.99546  	0.32066  	0.32800  	0.48908  	0.62027  	-0.7908  	-0.2812  	-0.3269  	0.02546  	0.23729  	0.11878  	-0.4581  	0.22516  	-0.0374  	0.05220  	0.12028  	0.15478  	-0.2164  	0.06437  	0.19722  	0.17159  	0.10110  	0.07142  	-0.3381  	0.34617  	0.64738  	0.00375  	-0.0395  	0.33796  	0.04697  	-0.0292  	0.01255  	0.03367  	-0.0216  	0.07632  	0.03106  	0.00184  	-0.0334  	0.02491  	-0.0235  	-0.0690  	-0.0250  	-0.0341  	-0.0289  	0.02045  	0.00357  	-0.0110  	0.10190  	0.00231  	0.03366  	-0.0414  	0.05113  	-0.0002  	-0.0211  	0.55694  	1.05715  	129.237  	107.608  	
-0.5671  	0.12256  	0.00488  	-1.0528  	-0.6238  	-1.0878  	0.17775  	-0.5820  	0.11602  	0.37412  	-0.0451  	0.14259  	0.08542  	-0.0598  	-0.5498  	0.91335  	0.34678  	0.31083  	0.48921  	0.58072  	-0.7423  	-0.2465  	-0.2886  	0.07212  	0.25325  	0.12459  	-0.4105  	0.15953  	0.00072  	0.07375  	0.10109  	0.14197  	-0.2458  	0.06764  	0.18217  	0.18372  	0.09608  	0.08800  	-0.3381  	0.35329  	0.64206  	0.00734  	-0.0475  	0.34656  	0.04096  	-0.0315  	0.00507  	0.02953  	-0.0217  	0.07252  	0.02438  	0.00360  	-0.0313  	0.02914  	-0.0187  	-0.0692  	-0.0207  	-0.0281  	-0.0230  	0.01585  	-0.0003  	-0.0122  	0.09943  	0.00029  	0.03618  	-0.0430  	0.04980  	-0.0009  	-0.0223  	0.56616  	1.05715  	129.237  	107.608  	
-0.6582  	0.07136  	-0.0194  	-1.1646  	-0.7257  	-1.1192  	0.15426  	-0.6266  	0.09688  	0.39297  	0.05417  	0.07419  	0.03422  	-0.2585  	-0.6367  	0.97162  	0.34485  	0.31415  	0.51380  	0.58005  	-0.7089  	-0.2842  	-0.2700  	0.06239  	0.23334  	0.12535  	-0.4270  	0.08959  	-0.0423  	0.05355  	0.10881  	0.14447  	-0.2777  	0.05840  	0.15396  	0.20854  	0.14329  	0.11166  	-0.3712  	0.32517  	0.65093  	0.01439  	-0.0587  	0.35219  	0.04795  	-0.0318  	0.00731  	0.01328  	-0.0229  	0.07405  	0.02626  	-0.0014  	-0.0269  	0.03230  	-0.0125  	-0.0738  	-0.0127  	-0.0176  	-0.0204  	0.02595  	-0.0037  	-0.0155  	0.10002  	0.00826  	0.03842  	-0.0431  	0.04854  	-0.0015  	-0.0235  	0.57723  	1.05715  	129.237  	107.608  	
-0.7544  	0.06136  	-0.0192  	-1.2951  	-0.8177  	-1.1616  	0.13015  	-0.6533  	0.09885  	0.43246  	0.08050  	0.01568  	0.02277  	-0.3356  	-0.7256  	0.93781  	0.36454  	0.31951  	0.53915  	0.53887  	-0.6810  	-0.3124  	-0.2186  	0.03829  	0.22220  	0.12611  	-0.4153  	0.06733  	-0.0578  	0.03691  	0.10684  	0.15803  	-0.2812  	0.05119  	0.11843  	0.19870  	0.16352  	0.09867  	-0.3612  	0.32460  	0.67896  	0.00803  	-0.0568  	0.34417  	0.05097  	-0.0270  	0.00530  	0.01026  	-0.0315  	0.08053  	0.02002  	0.00204  	-0.0312  	0.03099  	-0.0230  	-0.0739  	-0.0247  	-0.0242  	-0.0206  	0.02758  	0.00110  	-0.0144  	0.09564  	0.00210  	0.03994  	-0.0435  	0.04785  	-0.0020  	-0.0241  	0.57843  	1.05715  	129.237  	107.608  	
-0.8608  	0.04812  	-0.0836  	-1.3822  	-0.8539  	-1.2255  	0.13644  	-0.7083  	0.08188  	0.49359  	0.12299  	0.02981  	0.00128  	-0.3873  	-0.7903  	0.92967  	0.35551  	0.32693  	0.53370  	0.55435  	-0.7545  	-0.3199  	-0.1950  	-0.0029  	0.19993  	0.14979  	-0.4752  	0.12228  	-0.0288  	0.03114  	0.14160  	0.14089  	-0.2799  	0.05843  	0.08904  	0.21567  	0.12968  	0.08636  	-0.3491  	0.32111  	0.69033  	-0.0029  	-0.0428  	0.36406  	0.05078  	-0.0304  	0.00556  	0.00822  	-0.0327  	0.08011  	0.01693  	0.00356  	-0.0289  	0.03248  	-0.0256  	-0.0725  	-0.0283  	-0.0243  	-0.0226  	0.02625  	0.00433  	-0.0087  	0.09588  	-0.0016  	0.04010  	-0.0431  	0.04790  	-0.0025  	-0.0250  	0.58132  	1.05715  	129.237  	107.608  	
-0.8718  	0.04510  	-0.0913  	-1.3806  	-0.8520  	-1.2805  	0.13978  	-0.6980  	0.08563  	0.50822  	0.10504  	0.04817  	0.02126  	-0.3847  	-0.7970  	0.92743  	0.34179  	0.32308  	0.53007  	0.56350  	-0.7912  	-0.2975  	-0.1886  	-0.0140  	0.17395  	0.15671  	-0.5106  	0.14601  	-0.0013  	0.02862  	0.15280  	0.13886  	-0.2768  	0.06490  	0.06498  	0.20827  	0.10151  	0.08631  	-0.3467  	0.32622  	0.69623  	-0.0078  	-0.0321  	0.36894  	0.04685  	-0.0331  	0.00847  	0.01472  	-0.0257  	0.07942  	0.01710  	0.00296  	-0.0340  	0.03027  	-0.0234  	-0.0742  	-0.0299  	-0.0245  	-0.0247  	0.02639  	0.00535  	-0.0065  	0.09817  	0.00034  	0.03925  	-0.0434  	0.04823  	-0.0029  	-0.0259  	0.58816  	1.05715  	129.237  	107.608  	
-0.8587  	0.05568  	-0.0841  	-1.3710  	-0.8611  	-1.2530  	0.13662  	-0.7071  	0.09015  	0.47494  	0.09939  	0.02929  	0.00830  	-0.4216  	-0.7972  	0.94770  	0.36455  	0.31947  	0.53303  	0.55173  	-0.7834  	-0.3030  	-0.1670  	-0.0075  	0.18037  	0.15888  	-0.4932  	0.13767  	-0.0017  	0.02639  	0.14728  	0.14463  	-0.2846  	0.06192  	0.05984  	0.20974  	0.11263  	0.08531  	-0.3504  	0.32199  	0.69891  	-0.0079  	-0.0313  	0.37175  	0.04650  	-0.0305  	0.00888  	0.01772  	-0.0292  	0.07819  	0.01953  	0.00477  	-0.0335  	0.03058  	-0.0223  	-0.0727  	-0.0289  	-0.0251  	-0.0201  	0.02729  	0.00560  	-0.0060  	0.09648  	0.00348  	0.03634  	-0.0433  	0.04848  	-0.0030  	-0.0258  	0.58035  	1.05715  	129.237  	107.608  	
-0.8739  	0.04861  	-0.0950  	-1.3859  	-0.8452  	-1.2658  	0.15401  	-0.7123  	0.07654  	0.47935  	0.09755  	0.02346  	0.01073  	-0.4300  	-0.7945  	0.94740  	0.35114  	0.31955  	0.52993  	0.54454  	-0.8122  	-0.2914  	-0.1715  	-0.0020  	0.18506  	0.16013  	-0.4938  	0.15458  	0.01508  	0.03198  	0.15052  	0.14339  	-0.2815  	0.06037  	0.05738  	0.21652  	0.10521  	0.08106  	-0.3491  	0.32983  	0.70634  	-0.0099  	-0.0320  	0.38146  	0.04514  	-0.0315  	0.00848  	0.01935  	-0.0270  	0.07805  	0.02131  	0.00490  	-0.0345  	0.02840  	-0.0222  	-0.0741  	-0.0278  	-0.0247  	-0.0218  	0.02721  	0.00636  	-0.0074  	0.09622  	0.00403  	0.03363  	-0.0443  	0.04875  	-0.0031  	-0.0249  	0.56961  	1.05715  	129.237  	107.608  	
-0.8936  	0.04026  	-0.0983  	-1.3932  	-0.8515  	-1.2639  	0.15278  	-0.7163  	0.07432  	0.48660  	0.10456  	0.01960  	0.00796  	-0.4371  	-0.8044  	0.94762  	0.34596  	0.31812  	0.52875  	0.54480  	-0.8226  	-0.2860  	-0.1706  	-0.0033  	0.19142  	0.16078  	-0.4992  	0.16469  	0.01655  	0.03254  	0.15638  	0.14365  	-0.2831  	0.06304  	0.04781  	0.21977  	0.10181  	0.08124  	-0.3428  	0.32368  	0.70745  	-0.0106  	-0.0318  	0.38198  	0.04418  	-0.0328  	0.00775  	0.01989  	-0.0284  	0.07887  	0.02099  	0.00488  	-0.0338  	0.02799  	-0.0220  	-0.0753  	-0.0278  	-0.0247  	-0.0219  	0.02733  	0.00689  	-0.0071  	0.09658  	0.00539  	0.03032  	-0.0453  	0.04854  	-0.0034  	-0.0245  	0.56812  	1.05715  	129.237  	107.608  	
-0.8827  	0.05615  	-0.0676  	-1.3667  	-0.8241  	-1.2720  	0.14778  	-0.6834  	0.08214  	0.49259  	0.06309  	0.03497  	0.01568  	-0.3912  	-0.8007  	0.96144  	0.34470  	0.31629  	0.53504  	0.53139  	-0.8436  	-0.2878  	-0.1643  	0.00688  	0.15387  	0.16012  	-0.5186  	0.16913  	0.02909  	0.02363  	0.14791  	0.14602  	-0.2811  	0.06431  	0.05011  	0.20291  	0.08321  	0.07795  	-0.3408  	0.33064  	0.71829  	-0.0133  	-0.0315  	0.38465  	0.04169  	-0.0316  	0.00711  	0.02687  	-0.0210  	0.07747  	0.02009  	0.00306  	-0.0364  	0.02527  	-0.0196  	-0.0774  	-0.0233  	-0.0238  	-0.0197  	0.02416  	0.00588  	-0.0068  	0.09876  	0.00597  	0.02831  	-0.0468  	0.04832  	-0.0034  	-0.0244  	0.55583  	1.05715  	129.237  	107.608  	
-0.8420  	0.07419  	-0.0089  	-1.3611  	-0.8188  	-1.1997  	0.13946  	-0.6467  	0.10420  	0.46687  	0.02970  	0.02535  	0.02426  	-0.3334  	-0.7294  	0.95290  	0.35574  	0.28336  	0.52298  	0.50363  	-0.8261  	-0.2620  	-0.1347  	0.02727  	0.16673  	0.16612  	-0.4791  	0.11882  	0.01149  	0.02647  	0.14335  	0.14020  	-0.2660  	0.05757  	0.05697  	0.17329  	0.10671  	0.07957  	-0.3363  	0.33944  	0.71114  	-0.0103  	-0.0324  	0.39273  	0.03762  	-0.0343  	0.00941  	0.02745  	-0.0191  	0.07524  	0.02187  	0.00332  	-0.0381  	0.02702  	-0.0197  	-0.0768  	-0.0262  	-0.0270  	-0.0196  	0.02213  	0.00434  	-0.0062  	0.09872  	0.00725  	0.02664  	-0.0473  	0.04823  	-0.0033  	-0.0239  	0.54648  	1.05715  	129.237  	107.608  	
-0.7276  	0.10862  	0.01835  	-1.2609  	-0.7696  	-1.1489  	0.12377  	-0.5800  	0.11693  	0.44070  	0.01011  	0.09862  	0.05728  	-0.2304  	-0.6261  	0.98001  	0.36642  	0.27405  	0.51162  	0.52064  	-0.7532  	-0.2358  	-0.1336  	0.05199  	0.12279  	0.16938  	-0.4865  	0.06323  	-0.0629  	0.01159  	0.15408  	0.13890  	-0.2503  	0.06153  	0.10172  	0.12941  	0.12979  	0.10422  	-0.3699  	0.33252  	0.71127  	-0.0040  	-0.0337  	0.37361  	0.03082  	-0.0337  	0.01367  	0.02091  	-0.0281  	0.07801  	0.00746  	-0.0004  	-0.0331  	0.02986  	-0.0254  	-0.0823  	-0.0280  	-0.0298  	-0.0257  	0.02477  	0.00572  	-0.0014  	0.09556  	0.00375  	0.02607  	-0.0485  	0.04782  	-0.0034  	-0.0234  	0.54913  	1.05715  	129.237  	107.608  	
-0.3967  	0.21045  	0.20028  	-1.0667  	-0.7339  	-1.0389  	0.13380  	-0.4771  	0.17275  	0.38935  	0.01433  	0.18616  	0.14701  	-0.0075  	-0.4598  	1.05975  	0.35429  	0.27017  	0.53814  	0.48730  	-0.6300  	-0.2748  	-0.1353  	0.06862  	0.11272  	0.12869  	-0.4475  	-0.0710  	-0.1446  	0.01926  	0.16193  	0.14365  	-0.2114  	0.06138  	0.22474  	0.06141  	0.21169  	0.13491  	-0.4236  	0.33865  	0.66107  	-0.0384  	-0.0378  	0.36696  	0.01874  	-0.0320  	0.01965  	0.01833  	-0.0259  	0.07659  	0.00856  	-0.0009  	-0.0246  	0.03166  	-0.0266  	-0.0735  	-0.0474  	-0.0352  	-0.0359  	0.02243  	0.00931  	0.00757  	0.09961  	-0.0005  	0.02656  	-0.0491  	0.04726  	-0.0034  	-0.0242  	0.55861  	1.05715  	129.237  	107.608  	
-0.1478  	0.28333  	0.29105  	-0.9003  	-0.6805  	-0.8820  	0.13188  	-0.3760  	0.21614  	0.28286  	0.06117  	0.17429  	0.16792  	0.13931  	-0.3124  	1.09579  	0.35111  	0.21035  	0.51239  	0.43926  	-0.4156  	-0.2677  	-0.1768  	0.15247  	0.08685  	0.10349  	-0.3303  	-0.2005  	-0.2957  	0.03043  	0.10614  	0.19997  	-0.2050  	0.04529  	0.35772  	-0.0005  	0.31973  	0.16842  	-0.4638  	0.27843  	0.62265  	-0.0113  	-0.0435  	0.34113  	0.02617  	-0.0295  	0.00734  	0.02519  	-0.0163  	0.08878  	0.00757  	-0.0015  	-0.0260  	0.03287  	-0.0230  	-0.0577  	-0.0426  	-0.0299  	-0.0288  	0.02367  	0.00393  	0.00249  	0.08738  	-0.0082  	0.02851  	-0.0494  	0.04690  	-0.0038  	-0.0250  	0.56959  	1.05715  	129.237  	107.608  	
-0.0792  	0.29414  	0.34353  	-0.8392  	-0.6944  	-0.8044  	0.18723  	-0.3561  	0.23515  	0.26072  	0.08137  	0.18903  	0.16181  	0.15870  	-0.2807  	1.15423  	0.34374  	0.16543  	0.51167  	0.47210  	-0.3660  	-0.2413  	-0.1863  	0.20349  	0.15126  	0.10535  	-0.2680  	-0.2235  	-0.3336  	0.02587  	0.11072  	0.21244  	-0.1949  	0.04873  	0.38037  	0.01382  	0.35456  	0.17027  	-0.4529  	0.28036  	0.58495  	0.00744  	-0.0397  	0.34346  	0.03805  	-0.0275  	0.00541  	0.03309  	-0.0144  	0.09184  	0.00881  	-0.0003  	-0.0248  	0.03635  	-0.0232  	-0.0543  	-0.0395  	-0.0326  	-0.0306  	0.02765  	0.00865  	-0.0039  	0.09345  	-0.0072  	0.03047  	-0.0473  	0.04690  	-0.0041  	-0.0251  	0.56631  	1.05715  	129.237  	107.608  	
0.00826  	0.26735  	0.38104  	-0.7652  	-0.6187  	-0.7592  	0.19503  	-0.3442  	0.22333  	0.30994  	-0.1048  	0.10054  	0.20691  	0.20351  	-0.2559  	1.13091  	0.36090  	0.16244  	0.49573  	0.42559  	-0.4613  	-0.2178  	-0.2054  	0.18624  	0.23806  	0.08159  	-0.2150  	-0.1707  	-0.2557  	0.07129  	0.09603  	0.21746  	-0.2210  	0.04617  	0.37233  	0.02901  	0.30131  	0.13949  	-0.4049  	0.30592  	0.55882  	0.00230  	-0.0285  	0.36196  	0.03403  	-0.0283  	-0.0073  	0.05093  	0.00393  	0.07330  	0.02019  	0.00211  	-0.0282  	0.02719  	-0.0186  	-0.0516  	-0.0427  	-0.0380  	-0.0277  	0.03319  	0.00802  	-0.0005  	0.09802  	-0.0004  	0.03166  	-0.0453  	0.04787  	-0.0043  	-0.0245  	0.55049  	1.05715  	129.237  	107.608  	
-0.2073  	0.20988  	0.16046  	-0.8938  	-0.6321  	-0.9955  	0.21771  	-0.5143  	0.18153  	0.45091  	-0.1198  	0.12957  	0.21144  	0.07684  	-0.4417  	1.04809  	0.32229  	0.29989  	0.50317  	0.59414  	-0.7324  	-0.2678  	-0.3335  	0.08638  	0.29261  	0.10368  	-0.3996  	0.09987  	-0.0510  	0.08094  	0.09886  	0.16143  	-0.2279  	0.06395  	0.24492  	0.16604  	0.12468  	0.08174  	-0.3462  	0.34459  	0.60586  	0.01946  	-0.0289  	0.34521  	0.03574  	-0.0298  	0.00621  	0.05023  	-0.0079  	0.08559  	0.03021  	-0.0024  	-0.0248  	0.03177  	-0.0188  	-0.0621  	-0.0338  	-0.0343  	-0.0141  	0.02544  	0.00388  	-0.0129  	0.09328  	-0.0044  	0.03079  	-0.0428  	0.04871  	-0.0040  	-0.0243  	0.55042  	1.05715  	129.237  	107.608  	
-0.3623  	0.15272  	0.04941  	-0.7774  	-0.4838  	-0.9775  	0.19177  	-0.5423  	0.13144  	0.32137  	-0.1164  	0.20071  	0.14429  	0.01355  	-0.3856  	0.99747  	0.33731  	0.27915  	0.49414  	0.59383  	-0.7041  	-0.2768  	-0.3189  	0.08627  	0.26342  	0.12245  	-0.3670  	0.13349  	-0.0301  	0.09296  	0.08360  	0.16040  	-0.2349  	0.06863  	0.25009  	0.14398  	0.13927  	0.09437  	-0.3562  	0.35273  	0.58870  	0.01591  	-0.0453  	0.34007  	0.05347  	-0.0257  	0.00819  	0.04259  	-0.0139  	0.08929  	0.03167  	-0.0029  	-0.0372  	0.02312  	-0.0206  	-0.0627  	-0.0203  	-0.0323  	-0.0194  	0.01880  	-0.0028  	-0.0119  	0.09413  	-0.0032  	0.02794  	-0.0415  	0.04950  	-0.0037  	-0.0250  	0.56012  	1.05715  	129.237  	107.608  	
-0.5933  	0.09837  	0.01914  	-0.9896  	-0.6155  	-1.0645  	0.15058  	-0.5973  	0.09736  	0.35536  	-0.0508  	0.15808  	0.08028  	-0.1521  	-0.4651  	0.96795  	0.32823  	0.30822  	0.50894  	0.58813  	-0.7205  	-0.2670  	-0.3026  	0.09635  	0.24930  	0.11236  	-0.4257  	0.11520  	-0.0149  	0.06183  	0.10572  	0.14238  	-0.2621  	0.06469  	0.19480  	0.16849  	0.11798  	0.09231  	-0.3479  	0.35511  	0.61727  	0.01762  	-0.0627  	0.33928  	0.04324  	-0.0300  	-0.0020  	0.01489  	-0.0262  	0.07510  	0.03213  	0.00242  	-0.0288  	0.02344  	-0.0172  	-0.0701  	-0.0185  	-0.0248  	-0.0200  	0.02741  	0.00060  	-0.0131  	0.09972  	0.00564  	0.02411  	-0.0398  	0.05033  	-0.0029  	-0.0243  	0.55726  	1.05715  	129.237  	107.608  	
-0.6563  	0.08911  	0.02649  	-1.1315  	-0.7161  	-1.0716  	0.13041  	-0.6092  	0.08220  	0.34923  	0.03759  	0.06882  	0.02475  	-0.2800  	-0.5514  	0.98915  	0.34364  	0.30213  	0.51817  	0.55114  	-0.6585  	-0.2570  	-0.2350  	0.08900  	0.24734  	0.11896  	-0.3721  	0.05549  	-0.0580  	0.04784  	0.09998  	0.16584  	-0.2810  	0.04809  	0.16608  	0.17432  	0.17007  	0.10480  	-0.3712  	0.34306  	0.63470  	0.01473  	-0.0655  	0.34290  	0.04724  	-0.0329  	0.00532  	0.00387  	-0.0325  	0.07423  	0.02494  	0.00259  	-0.0261  	0.02751  	-0.0196  	-0.0708  	-0.0194  	-0.0270  	-0.0202  	0.02954  	0.00028  	-0.0119  	0.09698  	0.00655  	0.02190  	-0.0392  	0.05122  	-0.0018  	-0.0226  	0.55079  	1.05715  	129.237  	107.608  	
-0.6525  	0.12059  	0.02511  	-1.1474  	-0.7320  	-1.1043  	0.11546  	-0.6242  	0.09441  	0.39761  	-0.0211  	0.11166  	0.03145  	-0.2592  	-0.6189  	1.00071  	0.35023  	0.30470  	0.53176  	0.53715  	-0.7440  	-0.2668  	-0.2167  	0.05634  	0.19361  	0.12874  	-0.4537  	0.07392  	-0.0005  	0.04920  	0.10716  	0.14769  	-0.2713  	0.06262  	0.12515  	0.18777  	0.11636  	0.10990  	-0.3602  	0.35661  	0.68152  	-0.0036  	-0.0382  	0.37253  	0.02998  	-0.0389  	0.00587  	0.01672  	-0.0235  	0.07423  	0.02461  	0.00325  	-0.0293  	0.02934  	-0.0171  	-0.0772  	-0.0224  	-0.0242  	-0.0243  	0.02445  	-0.0001  	-0.0044  	0.09569  	-0.0005  	0.02058  	-0.0379  	0.05198  	-0.0008  	-0.0211  	0.56089  	1.05715  	129.237  	107.608  	
-0.7753  	0.09081  	-0.0002  	-1.3198  	-0.8377  	-1.1862  	0.15306  	-0.6518  	0.09796  	0.45758  	0.06726  	0.04228  	0.04605  	-0.2874  	-0.7629  	0.98114  	0.35123  	0.34906  	0.52638  	0.55748  	-0.7931  	-0.2986  	-0.2287  	0.01318  	0.18248  	0.13150  	-0.4816  	0.14012  	0.00430  	0.03646  	0.14031  	0.15372  	-0.2725  	0.06411  	0.08852  	0.20595  	0.11113  	0.08835  	-0.3449  	0.32347  	0.71862  	-0.0118  	-0.0182  	0.37059  	0.03669  	-0.0352  	0.01268  	0.02339  	-0.0188  	0.08038  	0.02239  	-0.0004  	-0.0294  	0.02953  	-0.0163  	-0.0717  	-0.0276  	-0.0250  	-0.0226  	0.02482  	0.00769  	-0.0001  	0.09380  	0.00186  	0.02155  	-0.0372  	0.05314  	0.00051  	-0.0196  	0.55255  	1.05715  	129.237  	107.608  	
-0.9023  	0.05975  	-0.0837  	-1.4176  	-0.8791  	-1.3302  	0.12943  	-0.6842  	0.06811  	0.55283  	0.15617  	0.05057  	0.00215  	-0.3462  	-0.8051  	0.90608  	0.32846  	0.32244  	0.55041  	0.56134  	-0.7506  	-0.2894  	-0.1914  	0.00247  	0.17314  	0.14929  	-0.4888  	0.09142  	-0.0552  	0.01945  	0.15601  	0.14166  	-0.2651  	0.05665  	0.09551  	0.18786  	0.13237  	0.08767  	-0.3547  	0.32000  	0.68111  	0.00220  	-0.0454  	0.36295  	0.05321  	-0.0292  	0.00712  	0.00967  	-0.0348  	0.08738  	0.01572  	0.00109  	-0.0317  	0.02963  	-0.0279  	-0.0770  	-0.0260  	-0.0222  	-0.0256  	0.02616  	0.00476  	-0.0077  	0.09574  	-0.0022  	0.02320  	-0.0361  	0.05458  	0.00180  	-0.0180  	0.55223  	1.05715  	129.237  	107.608  	
-0.7987  	0.08497  	-0.0175  	-1.3484  	-0.8296  	-1.2850  	0.11955  	-0.5988  	0.09527  	0.43114  	0.12095  	0.03791  	0.02060  	-0.2628  	-0.7127  	0.95834  	0.34251  	0.27919  	0.56064  	0.51391  	-0.7140  	-0.2732  	-0.1286  	0.10823  	0.15204  	0.14991  	-0.4109  	0.03641  	-0.0834  	0.04683  	0.12050  	0.16535  	-0.2594  	0.04085  	0.15585  	0.14622  	0.18166  	0.09582  	-0.3994  	0.34034  	0.68972  	0.01289  	-0.0535  	0.36482  	0.04439  	-0.0312  	0.01275  	0.01448  	-0.0254  	0.07671  	0.01515  	-0.0006  	-0.0335  	0.03239  	-0.0265  	-0.0766  	-0.0238  	-0.0255  	-0.0244  	0.02582  	0.00374  	-0.0051  	0.08425  	-0.0025  	0.02554  	-0.0357  	0.05547  	0.00265  	-0.0170  	0.56353  	1.05715  	129.237  	107.608  	
-0.5679  	0.17259  	0.09254  	-1.1613  	-0.7243  	-1.1301  	0.14285  	-0.5222  	0.13447  	0.43336  	0.02053  	0.12071  	0.12465  	-0.0851  	-0.5245  	1.02519  	0.37370  	0.25247  	0.52467  	0.50209  	-0.6383  	-0.2638  	-0.1288  	0.13727  	0.09344  	0.13760  	-0.4072  	-0.0804  	-0.1668  	0.02219  	0.12690  	0.17255  	-0.2312  	0.04218  	0.21938  	0.09477  	0.21766  	0.11988  	-0.4244  	0.33152  	0.65193  	-0.0128  	-0.0550  	0.35317  	0.03005  	-0.0252  	0.00764  	0.02322  	-0.0335  	0.07323  	0.00317  	-0.0018  	-0.0343  	0.02577  	-0.0244  	-0.0748  	-0.0375  	-0.0340  	-0.0286  	0.02178  	0.01052  	0.00134  	0.08932  	-0.0029  	0.02858  	-0.0345  	0.05636  	0.00319  	-0.0169  	0.56778  	1.05715  	129.237  	107.608  	
-0.3824  	0.23994  	0.23351  	-1.0696  	-0.7528  	-1.0388  	0.13485  	-0.4229  	0.17703  	0.43088  	-0.0210  	0.15627  	0.17599  	0.01915  	-0.4285  	1.04442  	0.35889  	0.24844  	0.53782  	0.50019  	-0.6244  	-0.2466  	-0.1524  	0.07621  	0.08367  	0.13938  	-0.4208  	-0.0726  	-0.1972  	0.00756  	0.15455  	0.14974  	-0.1892  	0.04915  	0.21180  	0.05394  	0.22342  	0.13624  	-0.4141  	0.30799  	0.65250  	-0.0178  	-0.0307  	0.36252  	0.02215  	-0.0303  	0.00611  	0.02777  	-0.0280  	0.07297  	-0.0005  	-0.0007  	-0.0256  	0.03469  	-0.0213  	-0.0685  	-0.0439  	-0.0286  	-0.0303  	0.02195  	0.01201  	0.01654  	0.09736  	0.00047  	0.03242  	-0.0336  	0.05725  	0.00322  	-0.0173  	0.57477  	1.05715  	129.237  	107.608  	
-0.2048  	0.27080  	0.27587  	-0.9583  	-0.7014  	-0.9144  	0.12489  	-0.4040  	0.19107  	0.32403  	0.07822  	0.16743  	0.15570  	0.10095  	-0.3661  	1.08272  	0.35897  	0.21974  	0.52757  	0.44281  	-0.4514  	-0.2635  	-0.1660  	0.14347  	0.09583  	0.10572  	-0.3450  	-0.1952  	-0.2855  	0.02814  	0.11527  	0.19509  	-0.2034  	0.04184  	0.32910  	0.01457  	0.29623  	0.17092  	-0.4661  	0.28181  	0.63166  	-0.0159  	-0.0348  	0.34304  	0.02393  	-0.0264  	0.00818  	0.02481  	-0.0198  	0.09083  	0.00751  	-0.0015  	-0.0246  	0.03128  	-0.0271  	-0.0650  	-0.0409  	-0.0308  	-0.0315  	0.02328  	0.00288  	0.00476  	0.09293  	-0.0098  	0.03493  	-0.0321  	0.05815  	0.00329  	-0.0171  	0.56148  	1.05715  	129.237  	107.608  	
-0.0748  	0.30366  	0.34074  	-0.8554  	-0.7263  	-0.8006  	0.16528  	-0.3108  	0.24943  	0.20828  	0.06472  	0.17976  	0.15954  	0.18175  	-0.1867  	1.13804  	0.35786  	0.15298  	0.51972  	0.41259  	-0.3104  	-0.2366  	-0.1278  	0.22650  	0.10809  	0.09524  	-0.2353  	-0.2848  	-0.3881  	0.01984  	0.10547  	0.22241  	-0.2074  	0.03883  	0.39931  	-0.0388  	0.40643  	0.19178  	-0.4795  	0.25363  	0.56855  	0.00317  	-0.0505  	0.33994  	0.03049  	-0.0297  	0.00595  	0.03129  	-0.0146  	0.08702  	0.00268  	0.00078  	-0.0260  	0.03873  	-0.0271  	-0.0527  	-0.0429  	-0.0313  	-0.0312  	0.03038  	0.00857  	0.00216  	0.09053  	-0.0047  	0.03725  	-0.0323  	0.05824  	0.00312  	-0.0170  	0.54845  	1.05715  	129.237  	107.608  	
-0.0446  	0.29355  	0.34808  	-0.8389  	-0.7027  	-0.7830  	0.16078  	-0.3095  	0.25887  	0.20547  	0.07143  	0.18171  	0.16209  	0.18298  	-0.1671  	1.14774  	0.37981  	0.14058  	0.50786  	0.40677  	-0.3180  	-0.2348  	-0.1210  	0.24146  	0.11138  	0.09305  	-0.2211  	-0.2787  	-0.4055  	0.02482  	0.09953  	0.22201  	-0.2045  	0.04063  	0.41160  	-0.0452  	0.41885  	0.19415  	-0.4756  	0.25817  	0.55287  	0.00802  	-0.0537  	0.33870  	0.02882  	-0.0277  	0.00401  	0.02728  	-0.0152  	0.08109  	0.00614  	0.00467  	-0.0269  	0.03689  	-0.0252  	-0.0532  	-0.0416  	-0.0294  	-0.0295  	0.03295  	0.00770  	0.00074  	0.09159  	-0.0014  	0.03830  	-0.0336  	0.05645  	0.00299  	-0.0183  	0.54988  	1.05715  	129.237  	107.608  	
-0.4278  	0.18572  	0.16851  	-1.0792  	-0.7450  	-1.0046  	0.13518  	-0.4983  	0.18280  	0.37758  	0.02400  	0.16423  	0.19261  	0.01817  	-0.4805  	1.08514  	0.35192  	0.28737  	0.48836  	0.56730  	-0.6419  	-0.2992  	-0.2470  	0.08138  	0.10723  	0.16414  	-0.4682  	0.10341  	-0.1485  	-0.0071  	0.16854  	0.16403  	-0.1676  	0.04951  	0.18511  	0.06901  	0.16628  	0.11894  	-0.3484  	0.33171  	0.67051  	-0.0078  	-0.0208  	0.34664  	0.02362  	-0.0244  	0.02121  	0.03384  	-0.0223  	0.08505  	0.01585  	0.00012  	-0.0279  	0.02755  	-0.0201  	-0.0704  	-0.0373  	-0.0331  	-0.0206  	0.02365  	0.00946  	0.00528  	0.09738  	0.00747  	0.03931  	-0.0364  	0.05407  	0.00279  	-0.0207  	0.54643  	1.05715  	129.237  	107.608  	
-0.6485  	0.05775  	-0.0177  	-1.2450  	-0.7876  	-1.1849  	0.14895  	-0.6450  	0.12150  	0.48753  	0.07156  	0.10731  	0.13134  	-0.1453  	-0.7080  	0.95856  	0.35752  	0.32556  	0.46698  	0.62950  	-0.7852  	-0.2804  	-0.2971  	0.06191  	0.14871  	0.16609  	-0.5255  	0.17307  	-0.0826  	0.01481  	0.14332  	0.14960  	-0.2326  	0.05557  	0.15332  	0.17064  	0.07956  	0.08052  	-0.3417  	0.34113  	0.68130  	0.00873  	-0.0221  	0.33693  	0.03230  	-0.0349  	0.01465  	0.03119  	-0.0122  	0.08044  	0.02091  	-0.0001  	-0.0338  	0.02649  	-0.0203  	-0.0732  	-0.0278  	-0.0289  	-0.0275  	0.02331  	0.00434  	-0.0017  	0.09682  	0.00573  	0.04028  	-0.0385  	0.05153  	0.00267  	-0.0221  	0.54039  	1.05715  	129.237  	107.608  	
-0.7298  	0.06631  	-0.0304  	-1.1718  	-0.7416  	-1.2184  	0.16513  	-0.6316  	0.09724  	0.46490  	0.05653  	0.12027  	0.06876  	-0.1986  	-0.6482  	0.93514  	0.35642  	0.31497  	0.49415  	0.58693  	-0.7808  	-0.2507  	-0.2782  	0.07698  	0.21932  	0.11885  	-0.4598  	0.13239  	-0.0207  	0.06519  	0.10618  	0.14127  	-0.2668  	0.06696  	0.14697  	0.18981  	0.08895  	0.09765  	-0.3343  	0.33578  	0.66447  	0.01341  	-0.0486  	0.34670  	0.03145  	-0.0391  	0.01283  	0.03305  	-0.0181  	0.07423  	0.02543  	0.00381  	-0.0272  	0.03540  	-0.0165  	-0.0788  	-0.0177  	-0.0242  	-0.0223  	0.02369  	0.00364  	-0.0095  	0.10018  	0.00551  	0.04215  	-0.0405  	0.04882  	0.00230  	-0.0232  	0.54151  	1.05715  	129.237  	107.608  	
-0.7509  	0.05433  	-0.0409  	-1.2341  	-0.7919  	-1.1524  	0.15854  	-0.6612  	0.10232  	0.43722  	0.06743  	0.06112  	0.02678  	-0.3452  	-0.7692  	0.98576  	0.36620  	0.34182  	0.50725  	0.58932  	-0.7740  	-0.3132  	-0.2518  	0.03092  	0.20239  	0.14395  	-0.4863  	0.15649  	-0.0087  	0.04098  	0.11940  	0.13804  	-0.2901  	0.06090  	0.10909  	0.22261  	0.10509  	0.09227  	-0.3443  	0.32849  	0.68936  	-0.0069  	-0.0357  	0.37009  	0.04543  	-0.0343  	0.01427  	0.02007  	-0.0210  	0.07706  	0.02308  	0.00430  	-0.0288  	0.03170  	-0.0112  	-0.0764  	-0.0208  	-0.0190  	-0.0246  	0.02155  	-0.0006  	-0.0101  	0.09728  	0.00343  	0.04369  	-0.0413  	0.04644  	0.00183  	-0.0248  	0.55575  	1.05715  	129.237  	107.608  	
-0.6856  	0.08257  	0.01590  	-1.2443  	-0.8038  	-1.1845  	0.14764  	-0.6619  	0.10890  	0.42165  	0.07704  	0.04880  	0.02653  	-0.3276  	-0.7442  	1.00488  	0.37198  	0.29713  	0.51697  	0.55388  	-0.7116  	-0.2949  	-0.1948  	0.04955  	0.18967  	0.13927  	-0.4433  	0.10493  	-0.0666  	0.03992  	0.11339  	0.14753  	-0.2831  	0.04597  	0.13019  	0.19426  	0.16349  	0.09225  	-0.3842  	0.32622  	0.68033  	-0.0038  	-0.0383  	0.36426  	0.03637  	-0.0392  	0.01671  	0.01976  	-0.0203  	0.08280  	0.02534  	-0.0021  	-0.0302  	0.03187  	-0.0169  	-0.0711  	-0.0302  	-0.0228  	-0.0233  	0.02412  	-0.0044  	-0.0049  	0.09689  	0.00028  	0.04568  	-0.0423  	0.04473  	0.00128  	-0.0264  	0.56601  	1.05715  	129.237  	107.608  	
-0.6904  	0.08936  	0.01650  	-1.2526  	-0.8197  	-1.1720  	0.10753  	-0.6526  	0.09156  	0.39584  	0.06733  	0.04941  	-0.0125  	-0.3182  	-0.6547  	0.97395  	0.38138  	0.27100  	0.53831  	0.46362  	-0.6651  	-0.2623  	-0.1417  	0.10134  	0.20396  	0.12655  	-0.3688  	0.00469  	-0.0999  	0.06172  	0.11481  	0.17298  	-0.2967  	0.04660  	0.15865  	0.16672  	0.19675  	0.11263  	-0.4100  	0.31722  	0.68296  	0.00898  	-0.0575  	0.36622  	0.03867  	-0.0346  	0.01169  	0.00984  	-0.0274  	0.08057  	0.01999  	-0.0011  	-0.0290  	0.03528  	-0.0220  	-0.0729  	-0.0207  	-0.0218  	-0.0231  	0.02277  	-0.0016  	-0.0091  	0.09927  	-0.0008  	0.04708  	-0.0418  	0.04351  	0.00068  	-0.0279  	0.58253  	1.05715  	129.237  	107.608  	
-0.5502  	0.10759  	0.01917  	-1.0896  	-0.6999  	-1.0504  	0.06881  	-0.5829  	0.11184  	0.34212  	-0.0681  	0.16284  	0.05643  	-0.2255  	-0.5137  	1.00594  	0.37628  	0.24028  	0.53801  	0.47476  	-0.6715  	-0.2578  	-0.1400  	0.12490  	0.17284  	0.14050  	-0.3653  	-0.0058  	-0.1546  	0.06359  	0.12359  	0.17450  	-0.2766  	0.04106  	0.19890  	0.13295  	0.18813  	0.10351  	-0.4029  	0.32898  	0.64488  	0.01454  	-0.0610  	0.36205  	0.03083  	-0.0289  	0.00323  	0.01715  	-0.0358  	0.08149  	0.01139  	-0.0023  	-0.0321  	0.02607  	-0.0268  	-0.0747  	-0.0249  	-0.0250  	-0.0231  	0.01768  	-0.0012  	-0.0061  	0.09882  	-0.0001  	0.04795  	-0.0408  	0.04296  	-5.3629  	-0.0286  	0.59218  	1.05715  	129.237  	107.608  	
-0.3994  	0.19295  	0.10433  	-0.9614  	-0.6573  	-0.9825  	0.14935  	-0.4800  	0.16093  	0.32914  	-0.1051  	0.19093  	0.16777  	-0.0099  	-0.3502  	1.00125  	0.35217  	0.26859  	0.52250  	0.51813  	-0.6724  	-0.2253  	-0.2218  	0.09063  	0.14279  	0.13093  	-0.4353  	0.02705  	-0.0808  	0.03628  	0.13283  	0.15265  	-0.2089  	0.06185  	0.22917  	0.09074  	0.13956  	0.09656  	-0.3788  	0.36123  	0.63263  	-0.0056  	-0.0382  	0.34427  	0.02944  	-0.0329  	0.01232  	0.02676  	-0.0236  	0.06621  	0.01509  	0.00166  	-0.0295  	0.02281  	-0.0282  	-0.0684  	-0.0352  	-0.0340  	-0.0227  	0.02694  	0.00813  	0.00140  	0.08864  	0.00231  	0.04822  	-0.0388  	0.04334  	-0.0006  	-0.0295  	0.59962  	1.05715  	129.237  	107.608  	
-0.2254  	0.26688  	0.20494  	-0.7718  	-0.6004  	-0.8332  	0.17175  	-0.4290  	0.19011  	0.28566  	-0.1012  	0.22557  	0.19827  	0.10858  	-0.2252  	1.05678  	0.35795  	0.24546  	0.48946  	0.55065  	-0.5400  	-0.2373  	-0.2714  	0.08182  	0.17579  	0.10520  	-0.4154  	-0.0124  	-0.1258  	0.05448  	0.10418  	0.16294  	-0.2025  	0.05780  	0.27112  	0.06038  	0.16283  	0.11667  	-0.3761  	0.32857  	0.62461  	-0.0100  	-0.0405  	0.32788  	0.03148  	-0.0272  	0.00582  	0.03182  	-0.0150  	0.08239  	0.02724  	-0.0014  	-0.0277  	0.02248  	-0.0263  	-0.0593  	-0.0343  	-0.0321  	-0.0279  	0.01536  	0.00301  	-0.0045  	0.09011  	-0.0067  	0.04799  	-0.0375  	0.04423  	-0.0011  	-0.0305  	0.60973  	1.05715  	129.237  	107.608  	
-0.0807  	0.26549  	0.26642  	-0.6843  	-0.5441  	-0.7770  	0.15240  	-0.3701  	0.20454  	0.23347  	-0.1699  	0.16184  	0.18607  	0.15807  	-0.0669  	1.06444  	0.33634  	0.16540  	0.50937  	0.48265  	-0.4622  	-0.1977  	-0.2065  	0.17025  	0.18599  	0.09156  	-0.2726  	-0.1797  	-0.2141  	0.07688  	0.08936  	0.19353  	-0.2205  	0.05498  	0.34339  	0.02519  	0.30109  	0.15249  	-0.4203  	0.31474  	0.57395  	0.01143  	-0.0522  	0.36117  	0.04020  	-0.0314  	0.00174  	0.03764  	-0.0090  	0.07613  	0.01302  	0.00372  	-0.0268  	0.02865  	-0.0238  	-0.0558  	-0.0310  	-0.0316  	-0.0260  	0.03054  	0.00385  	-0.0084  	0.08994  	-0.0031  	0.04534  	-0.0363  	0.04535  	-0.0016  	-0.0300  	0.60573  	1.05715  	129.237  	107.608  	
-0.0361  	0.28548  	0.30107  	-0.7631  	-0.5946  	-0.7737  	0.16986  	-0.3470  	0.20530  	0.23948  	-0.0731  	0.11685  	0.16011  	0.16664  	-0.0814  	1.10295  	0.33038  	0.14687  	0.50474  	0.44719  	-0.3957  	-0.1944  	-0.1954  	0.21312  	0.20791  	0.07272  	-0.2053  	-0.2516  	-0.3000  	0.04010  	0.08510  	0.21689  	-0.2368  	0.03862  	0.38826  	0.01990  	0.35973  	0.17013  	-0.4542  	0.30703  	0.55166  	0.01120  	-0.0623  	0.34633  	0.03412  	-0.0304  	-0.0014  	0.03071  	-0.0085  	0.07934  	0.00830  	0.00194  	-0.0302  	0.03373  	-0.0207  	-0.0521  	-0.0319  	-0.0326  	-0.0245  	0.02918  	0.00784  	0.00178  	0.09392  	-0.0061  	0.04280  	-0.0365  	0.04618  	-0.0021  	-0.0289  	0.60081  	1.05715  	129.237  	107.608  	
-0.0328  	0.28013  	0.36008  	-0.7998  	-0.6542  	-0.7604  	0.17705  	-0.3386  	0.21444  	0.25196  	0.01697  	0.09682  	0.15232  	0.15672  	-0.1476  	1.11969  	0.35842  	0.14194  	0.51563  	0.44245  	-0.3469  	-0.2252  	-0.1867  	0.23206  	0.19041  	0.07871  	-0.2025  	-0.2798  	-0.3471  	0.02334  	0.08352  	0.23362  	-0.2265  	0.03629  	0.39650  	0.01152  	0.37980  	0.17531  	-0.4498  	0.29850  	0.53270  	0.00776  	-0.0597  	0.34996  	0.03690  	-0.0276  	0.00108  	0.03250  	-0.0117  	0.08261  	0.01308  	0.00060  	-0.0235  	0.03452  	-0.0215  	-0.0515  	-0.0314  	-0.0321  	-0.0280  	0.03657  	0.00520  	-0.0023  	0.09732  	-0.0026  	0.04018  	-0.0377  	0.04619  	-0.0025  	-0.0284  	0.59766  	1.05715  	129.237  	107.608  	
-0.0457  	0.28658  	0.36602  	-0.8233  	-0.7068  	-0.7672  	0.16113  	-0.3112  	0.23847  	0.22171  	0.06553  	0.13347  	0.16214  	0.15798  	-0.1752  	1.14159  	0.36694  	0.15019  	0.52384  	0.42740  	-0.3028  	-0.2348  	-0.1569  	0.23898  	0.14995  	0.08286  	-0.2098  	-0.2895  	-0.3862  	0.02071  	0.09528  	0.23545  	-0.2068  	0.03948  	0.40298  	-0.0178  	0.41321  	0.18923  	-0.4670  	0.27227  	0.54877  	0.00601  	-0.0525  	0.34090  	0.03472  	-0.0274  	0.00349  	0.02851  	-0.0162  	0.08630  	0.00858  	0.00085  	-0.0242  	0.03713  	-0.0232  	-0.0537  	-0.0371  	-0.0297  	-0.0280  	0.03506  	0.00567  	-0.0025  	0.09431  	-0.0045  	0.03870  	-0.0402  	0.04602  	-0.0025  	-0.0281  	0.58394  	1.05715  	129.237  	107.608  	
-0.2695  	0.25326  	0.24599  	-0.9635  	-0.7114  	-0.9505  	0.15312  	-0.4360  	0.20090  	0.29261  	0.08579  	0.18391  	0.15995  	0.05518  	-0.4046  	1.10444  	0.32936  	0.27234  	0.48414  	0.54647  	-0.4833  	-0.2843  	-0.2520  	0.12820  	0.12652  	0.12500  	-0.4099  	-0.0310  	-0.2185  	-0.0024  	0.12447  	0.15869  	-0.1782  	0.05163  	0.29683  	0.04845  	0.25251  	0.13706  	-0.3980  	0.29702  	0.62982  	0.01318  	-0.0511  	0.33071  	0.04020  	-0.0301  	0.01450  	0.02645  	-0.0252  	0.08872  	0.01898  	0.00057  	-0.0211  	0.02856  	-0.0239  	-0.0657  	-0.0352  	-0.0250  	-0.0216  	0.02600  	0.00520  	-0.0029  	0.09407  	0.00014  	0.03678  	-0.0420  	0.04621  	-0.0024  	-0.0274  	0.57199  	1.05715  	129.237  	107.608  	
-0.4287  	0.13722  	0.09833  	-1.0930  	-0.7077  	-1.0621  	0.13371  	-0.5742  	0.14733  	0.42929  	0.05630  	0.15526  	0.16309  	-0.0869  	-0.6345  	1.08161  	0.34716  	0.31091  	0.49273  	0.60737  	-0.7841  	-0.3379  	-0.2866  	0.07309  	0.14822  	0.16533  	-0.4906  	0.14802  	-0.1063  	0.01113  	0.16747  	0.17365  	-0.1756  	0.04672  	0.15927  	0.10858  	0.11286  	0.10311  	-0.3439  	0.34842  	0.67878  	-0.0063  	-0.0090  	0.35159  	0.02722  	-0.0244  	0.02066  	0.04789  	-0.0251  	0.07048  	0.02562  	0.00358  	-0.0371  	0.02222  	-0.0266  	-0.0760  	-0.0316  	-0.0344  	-0.0342  	0.02132  	0.00450  	-0.0086  	0.10771  	0.00868  	0.03548  	-0.0444  	0.04591  	-0.0024  	-0.0265  	0.57001  	1.05715  	129.237  	107.608  	
-0.6889  	0.07810  	-0.0122  	-1.3620  	-0.7995  	-1.2696  	0.15097  	-0.6286  	0.10731  	0.48973  	0.14674  	0.08006  	0.09731  	-0.1921  	-0.8217  	0.95978  	0.34593  	0.29138  	0.52893  	0.58702  	-0.7497  	-0.3438  	-0.2645  	0.08195  	0.19985  	0.12170  	-0.4077  	0.11335  	-0.0790  	0.01665  	0.13592  	0.15891  	-0.2307  	0.03127  	0.17858  	0.18244  	0.14083  	0.07481  	-0.3678  	0.33251  	0.68735  	-0.0022  	-0.0427  	0.35059  	0.06117  	-0.0391  	0.01816  	0.02916  	-0.0070  	0.08616  	0.02382  	-0.0083  	-0.0325  	0.02282  	-0.0222  	-0.0778  	-0.0211  	-0.0225  	-0.0282  	0.02348  	-0.0011  	-0.0025  	0.11187  	0.00547  	0.03517  	-0.0460  	0.04518  	-0.0022  	-0.0269  	0.57095  	1.05715  	129.237  	107.608  	
-1.0249  	-0.0122  	-0.1519  	-1.5042  	-0.8496  	-1.4396  	0.14116  	-0.6772  	0.04540  	0.55021  	0.27493  	0.05771  	0.06182  	-0.2116  	-0.7678  	0.85975  	0.35022  	0.25288  	0.53421  	0.51021  	-0.7377  	-0.2163  	-0.2345  	0.15285  	0.20798  	0.15153  	-0.4136  	-0.0346  	-0.1211  	0.03730  	0.14077  	0.13151  	-0.2478  	0.04003  	0.15621  	0.19271  	0.13875  	0.09237  	-0.3682  	0.32538  	0.65448  	0.04147  	-0.0799  	0.30816  	0.04945  	-0.0261  	0.00831  	0.01380  	-0.0255  	0.09424  	0.00549  	-0.0005  	-0.0332  	0.03170  	-0.0224  	-0.0852  	-0.0369  	-0.0276  	-0.0214  	0.03385  	0.00655  	0.00015  	0.09770  	-0.0061  	0.03624  	-0.0473  	0.04454  	-0.0023  	-0.0274  	0.57406  	1.05715  	129.237  	107.608  	
-0.8113  	0.07197  	-0.0418  	-1.3503  	-0.7989  	-1.3648  	0.11731  	-0.5778  	0.09288  	0.47426  	0.22311  	0.12021  	0.09167  	-0.1073  	-0.5808  	0.86902  	0.36315  	0.20652  	0.50647  	0.50326  	-0.5959  	-0.2839  	-0.1757  	0.16671  	0.11125  	0.14776  	-0.3588  	-0.0816  	-0.2079  	0.04956  	0.14699  	0.14568  	-0.2394  	0.04111  	0.19858  	0.10269  	0.22832  	0.08701  	-0.3827  	0.31507  	0.62446  	0.03295  	-0.0998  	0.32454  	0.04397  	-0.0278  	0.00752  	0.01003  	-0.0333  	0.08918  	0.01166  	0.00163  	-0.0389  	0.03591  	-0.0340  	-0.0811  	-0.0383  	-0.0322  	-0.0264  	0.02709  	0.00457  	0.01145  	0.09078  	0.00055  	0.03717  	-0.0464  	0.04422  	-0.0021  	-0.0274  	0.56901  	1.05715  	129.237  	107.608  	
-0.2869  	0.29066  	0.31819  	-1.0856  	-0.7350  	-0.9131  	0.07935  	-0.3261  	0.20047  	0.35957  	-0.1272  	0.13468  	0.21582  	0.15651  	-0.3344  	1.04580  	0.39879  	0.19093  	0.54759  	0.48217  	-0.5242  	-0.2417  	-0.1511  	0.10324  	0.12779  	0.10789  	-0.3342  	-0.0507  	-0.2409  	0.06049  	0.13167  	0.13952  	-0.2057  	0.05687  	0.26433  	-0.0081  	0.26875  	0.11386  	-0.4096  	0.27705  	0.61678  	-0.0117  	-0.0258  	0.32489  	0.01232  	-0.0401  	0.00769  	0.03522  	-0.0133  	0.09482  	0.00747  	-0.0056  	-0.0428  	0.03403  	-0.0293  	-0.0601  	-0.0440  	-0.0344  	-0.0283  	0.02689  	0.01239  	0.00642  	0.10615  	-0.0073  	0.03772  	-0.0452  	0.04479  	-0.0019  	-0.0268  	0.54984  	1.05715  	129.237  	107.608  	
-0.4086  	0.21849  	0.18000  	-0.9624  	-0.6237  	-0.9814  	0.11102  	-0.4533  	0.15133  	0.36943  	-0.0470  	0.15136  	0.11352  	-0.0214  	-0.4252  	0.98602  	0.36494  	0.21109  	0.55463  	0.48260  	-0.5409  	-0.2381  	-0.1865  	0.10745  	0.18128  	0.09609  	-0.3087  	-0.0654  	-0.1617  	0.03768  	0.09808  	0.15541  	-0.2257  	0.05850  	0.24964  	0.06778  	0.25131  	0.14663  	-0.3959  	0.32548  	0.65954  	-0.0124  	-0.0293  	0.35113  	0.04569  	-0.0378  	0.00927  	0.03131  	-0.0170  	0.08359  	0.01835  	0.00015  	-0.0356  	0.02645  	-0.0260  	-0.0597  	-0.0319  	-0.0275  	-0.0219  	0.02155  	0.00834  	-0.0015  	0.10111  	-0.0081  	0.03655  	-0.0433  	0.04513  	-0.0013  	-0.0268  	0.54600  	1.05715  	129.237  	107.608  	
-0.6765  	0.08185  	-0.0116  	-1.2355  	-0.7889  	-1.1588  	0.09612  	-0.6314  	0.11610  	0.40299  	0.09539  	0.07219  	0.01000  	-0.3253  	-0.6339  	0.94131  	0.36693  	0.27869  	0.57915  	0.46960  	-0.6229  	-0.2743  	-0.1595  	0.08608  	0.18919  	0.13053  	-0.3778  	-0.0309  	-0.1156  	0.03628  	0.11125  	0.16844  	-0.2766  	0.04276  	0.16521  	0.15286  	0.21288  	0.11243  	-0.3971  	0.32283  	0.64625  	0.00707  	-0.0583  	0.35252  	0.05040  	-0.0267  	0.00086  	0.01481  	-0.0324  	0.07608  	0.02172  	-0.0016  	-0.0302  	0.03460  	-0.0231  	-0.0726  	-0.0271  	-0.0258  	-0.0197  	0.02707  	0.00037  	-0.0138  	0.09165  	0.00159  	0.03409  	-0.0423  	0.04581  	-0.0004  	-0.0279  	0.55800  	1.05715  	129.237  	107.608  	
-0.7394  	0.08562  	0.01457  	-1.3171  	-0.8190  	-1.1601  	0.12671  	-0.6340  	0.12835  	0.41266  	0.01848  	0.04764  	0.02647  	-0.3024  	-0.6699  	0.96407  	0.37564  	0.28343  	0.53920  	0.50998  	-0.7567  	-0.2541  	-0.1409  	0.06793  	0.18657  	0.15757  	-0.4238  	0.10113  	-0.0274  	0.04595  	0.13374  	0.14618  	-0.2730  	0.04810  	0.08867  	0.16599  	0.12824  	0.08630  	-0.3677  	0.34826  	0.69284  	0.00017  	-0.0400  	0.37375  	0.04017  	-0.0347  	0.01059  	0.02367  	-0.0178  	0.07085  	0.01895  	0.00218  	-0.0368  	0.03208  	-0.0213  	-0.0769  	-0.0274  	-0.0307  	-0.0176  	0.02692  	0.00541  	-0.0057  	0.09503  	0.00455  	0.02965  	-0.0414  	0.04681  	0.00043  	-0.0271  	0.55879  	1.05715  	129.237  	107.608  	
-0.6332  	0.09836  	0.03076  	-1.1939  	-0.7791  	-1.0996  	0.12185  	-0.6569  	0.11466  	0.41384  	-0.0217  	0.09477  	0.05968  	-0.2892  	-0.6386  	0.96296  	0.37824  	0.27457  	0.51124  	0.54158  	-0.7443  	-0.2624  	-0.1644  	0.03194  	0.16094  	0.16497  	-0.4725  	0.11649  	-0.0508  	0.02791  	0.13938  	0.15021  	-0.2511  	0.05632  	0.10063  	0.14644  	0.15166  	0.09617  	-0.3711  	0.34173  	0.69397  	-0.0153  	-0.0223  	0.36855  	0.03706  	-0.0324  	0.00768  	0.01624  	-0.0260  	0.08091  	0.01142  	-0.0033  	-0.0308  	0.02444  	-0.0235  	-0.0834  	-0.0310  	-0.0254  	-0.0264  	0.02208  	0.00023  	-0.0020  	0.10209  	0.00260  	0.02673  	-0.0409  	0.04804  	0.00116  	-0.0255  	0.55632  	1.05715  	129.237  	107.608  	
-0.6587  	0.08710  	0.06029  	-1.2461  	-0.8014  	-1.1866  	0.13778  	-0.6152  	0.09988  	0.49743  	0.08409  	0.07964  	0.06473  	-0.2192  	-0.8259  	1.05719  	0.32153  	0.34250  	0.50258  	0.60922  	-0.8176  	-0.2971  	-0.2494  	0.04671  	0.17789  	0.14427  	-0.5370  	0.16444  	-0.0232  	0.02812  	0.12537  	0.15376  	-0.2335  	0.03906  	0.13166  	0.18837  	0.12609  	0.07190  	-0.3478  	0.35592  	0.68770  	-0.0035  	-0.0311  	0.36491  	0.03901  	-0.0324  	0.01254  	0.02773  	-0.0085  	0.06999  	0.02546  	-0.0053  	-0.0255  	0.03013  	-0.0187  	-0.0802  	-0.0304  	-0.0255  	-0.0282  	0.02345  	-0.0029  	-0.0122  	0.10412  	0.00545  	0.02554  	-0.0393  	0.04896  	0.00189  	-0.0242  	0.56035  	1.05715  	129.237  	107.608  	
-0.8095  	0.06138  	-0.0502  	-1.2163  	-0.7540  	-1.2918  	0.17230  	-0.6035  	0.10935  	0.49794  	0.15672  	0.07676  	0.04754  	-0.1665  	-0.6794  	0.94310  	0.31488  	0.29844  	0.49966  	0.59767  	-0.7097  	-0.2836  	-0.2984  	0.11665  	0.20727  	0.10411  	-0.4122  	0.07517  	-0.0678  	0.05882  	0.11278  	0.15514  	-0.2549  	0.05877  	0.19565  	0.18992  	0.11782  	0.07851  	-0.3667  	0.33488  	0.63352  	0.01012  	-0.0636  	0.33684  	0.04171  	-0.0375  	0.00981  	0.01520  	-0.0180  	0.08206  	0.03471  	-0.0036  	-0.0310  	0.03151  	-0.0190  	-0.0723  	-0.0208  	-0.0213  	-0.0230  	0.02794  	0.00292  	-0.0092  	0.09953  	0.00367  	0.02622  	-0.0382  	0.05018  	0.00285  	-0.0225  	0.54948  	1.05715  	129.237  	107.608  	
-0.8567  	0.07222  	-0.1065  	-1.2985  	-0.7951  	-1.3410  	0.12988  	-0.6285  	0.09167  	0.53706  	0.11748  	0.11288  	0.06394  	-0.1458  	-0.6512  	0.84551  	0.33009  	0.30384  	0.51871  	0.52843  	-0.7203  	-0.2663  	-0.2244  	0.06655  	0.19564  	0.13950  	-0.4261  	0.04179  	-0.0658  	0.05673  	0.12598  	0.12432  	-0.2600  	0.05988  	0.15811  	0.16874  	0.10949  	0.07814  	-0.3543  	0.34489  	0.63178  	0.02226  	-0.0602  	0.33519  	0.05021  	-0.0296  	0.00888  	0.01074  	-0.0303  	0.08502  	0.01899  	-0.0034  	-0.0348  	0.03263  	-0.0269  	-0.0752  	-0.0248  	-0.0276  	-0.0232  	0.02798  	0.00382  	-0.0089  	0.09241  	-0.0038  	0.02774  	-0.0357  	0.05162  	0.00384  	-0.0208  	0.53871  	1.05715  	129.237  	107.608  	
-0.6744  	0.07536  	0.01291  	-1.2774  	-0.7923  	-1.1847  	0.13138  	-0.6128  	0.11941  	0.46571  	0.06428  	0.10816  	0.04851  	-0.2227  	-0.7262  	0.96680  	0.34562  	0.31032  	0.52061  	0.55918  	-0.7483  	-0.2915  	-0.1965  	0.05159  	0.17861  	0.13577  	-0.4773  	0.13819  	-0.0045  	0.05060  	0.12485  	0.13329  	-0.2677  	0.06105  	0.10526  	0.18267  	0.09553  	0.07716  	-0.3607  	0.34530  	0.67593  	-0.0028  	-0.0329  	0.36213  	0.03711  	-0.0412  	0.01461  	0.02312  	-0.0116  	0.07723  	0.01949  	-0.0020  	-0.0317  	0.03354  	-0.0177  	-0.0777  	-0.0224  	-0.0253  	-0.0221  	0.02278  	0.00083  	-0.0077  	0.09867  	0.00153  	0.03071  	-0.0331  	0.05274  	0.00440  	-0.0193  	0.52755  	1.05715  	129.237  	107.608  	
-0.6971  	0.10530  	0.08631  	-1.2631  	-0.7999  	-1.2150  	0.09106  	-0.5678  	0.09344  	0.41500  	0.08627  	0.09967  	0.07125  	-0.3395  	-0.7047  	0.93359  	0.45873  	0.14105  	0.60465  	0.26196  	-0.6675  	-0.5086  	-0.4263  	0.04121  	0.09289  	0.24405  	-0.4750  	0.01678  	0.06480  	0.02261  	0.24424  	0.08886  	-0.3705  	-0.1180  	0.02268  	0.14554  	0.05296  	0.08331  	-0.4935  	0.24667  	0.77535  	0.12382  	-0.1369  	0.45112  	-0.0226  	-0.0217  	-0.0085  	0.04497  	-0.0304  	0.07232  	0.02333  	0.00193  	-0.0290  	0.05031  	-0.0132  	-0.0757  	-0.0316  	-0.0379  	-0.0234  	0.03565  	0.00551  	-0.0074  	0.08046  	-0.0002  	0.03525  	-0.0297  	0.05410  	0.00459  	-0.0183  	0.51195  	1.05715  	129.237  	107.608  	
-0.7773  	0.10390  	0.05517  	-1.2310  	-0.7857  	-1.2766  	0.05390  	-0.5668  	0.05709  	0.44253  	0.09383  	0.08707  	0.08429  	-0.4581  	-0.6482  	0.87622  	0.53365  	0.02952  	0.68051  	0.07468  	-0.6224  	-0.7298  	-0.6828  	0.02177  	0.07403  	0.32109  	-0.4659  	-0.0399  	0.12201  	0.00963  	0.34433  	0.06685  	-0.4546  	-0.2427  	-0.0180  	0.14714  	-0.0399  	0.07317  	-0.5639  	0.17529  	0.81172  	0.23948  	-0.2587  	0.50643  	-0.0660  	0.00357  	-0.0319  	0.05413  	-0.0514  	0.05909  	0.03920  	0.01001  	-0.0303  	0.06450  	-0.0097  	-0.0738  	-0.0252  	-0.0465  	-0.0193  	0.04105  	0.00915  	-0.0143  	0.07320  	0.00495  	0.04021  	-0.0268  	0.05579  	0.00416  	-0.0176  	0.50298  	1.05715  	129.237  	107.608  	
-0.7956  	0.10586  	0.04518  	-1.2449  	-0.8052  	-1.3135  	0.04014  	-0.5507  	0.05642  	0.40671  	0.10059  	0.08296  	0.09243  	-0.4640  	-0.6180  	0.83020  	0.54879  	-0.0305  	0.69371  	-0.0087  	-0.5937  	-0.7572  	-0.6728  	0.02208  	0.04579  	0.34119  	-0.4590  	-0.1049  	0.11569  	0.01708  	0.36604  	0.06303  	-0.4750  	-0.2720  	-0.0263  	0.12296  	-0.0326  	0.09399  	-0.6117  	0.15680  	0.83931  	0.27001  	-0.2848  	0.52213  	-0.0737  	0.00939  	-0.0355  	0.05503  	-0.0541  	0.05385  	0.03438  	0.01199  	-0.0312  	0.06815  	-0.0099  	-0.0764  	-0.0270  	-0.0474  	-0.0206  	0.04265  	0.01234  	-0.0172  	0.06591  	0.00270  	0.04391  	-0.0229  	0.05745  	0.00383  	-0.0165  	0.47491  	1.05715  	129.237  	107.608  	
-0.7309  	0.10501  	0.06261  	-1.2428  	-0.8038  	-1.2656  	0.06912  	-0.5439  	0.05256  	0.42422  	0.07788  	0.13809  	0.12030  	-0.4133  	-0.6697  	0.86000  	0.50762  	0.03207  	0.65896  	0.08335  	-0.6745  	-0.6965  	-0.6403  	0.01915  	0.02471  	0.32415  	-0.5173  	-0.0147  	0.17551  	0.00979  	0.36052  	0.04991  	-0.4489  	-0.2312  	-0.0497  	0.13806  	-0.0792  	0.07690  	-0.5665  	0.18683  	0.84377  	0.22899  	-0.2403  	0.51886  	-0.0682  	-0.0036  	-0.0299  	0.05980  	-0.0407  	0.05984  	0.03426  	0.00801  	-0.0301  	0.05762  	-0.0066  	-0.0829  	-0.0277  	-0.0440  	-0.0249  	0.03361  	0.01259  	-0.0103  	0.07332  	0.00488  	0.04724  	-0.0210  	0.05854  	0.00345  	-0.0156  	0.44605  	1.05715  	129.237  	107.608  	
-0.6882  	0.13927  	0.11951  	-1.3694  	-0.8265  	-1.2213  	0.07542  	-0.5406  	0.08957  	0.44119  	0.11805  	0.06580  	0.07941  	-0.3014  	-0.8167  	0.95155  	0.42790  	0.14979  	0.63398  	0.29546  	-0.6483  	-0.5228  	-0.4284  	0.04795  	0.09968  	0.24509  	-0.4781  	0.00670  	0.01406  	-0.0045  	0.25385  	0.08889  	-0.3538  	-0.1274  	0.04702  	0.12328  	0.07478  	0.07641  	-0.4623  	0.25009  	0.77282  	0.12064  	-0.1520  	0.44330  	-0.0211  	-0.0166  	-0.0164  	0.05234  	-0.0306  	0.07710  	0.03857  	-0.0067  	-0.0375  	0.03832  	-0.0114  	-0.0717  	-0.0287  	-0.0313  	-0.0301  	0.02027  	0.00877  	-0.0023  	0.08834  	0.00673  	0.04848  	-0.0201  	0.05844  	0.00305  	-0.0160  	0.44174  	1.05715  	129.237  	107.608  	
-0.9011  	0.06224  	-0.0731  	-1.3714  	-0.8312  	-1.3650  	0.13304  	-0.6708  	0.08832  	0.56664  	0.18852  	0.09918  	0.03902  	-0.2419  	-0.8092  	0.89396  	0.34118  	0.30070  	0.54528  	0.57590  	-0.7105  	-0.2811  	-0.2374  	0.08153  	0.18662  	0.11894  	-0.4367  	0.04368  	-0.0952  	0.04067  	0.14257  	0.14123  	-0.2651  	0.06145  	0.15294  	0.18520  	0.13655  	0.09066  	-0.3868  	0.31042  	0.65485  	0.00550  	-0.0471  	0.34242  	0.05449  	-0.0392  	0.00255  	0.00543  	-0.0241  	0.08584  	0.03147  	-0.0079  	-0.0387  	0.03437  	-0.0182  	-0.0693  	-0.0193  	-0.0207  	-0.0255  	0.03363  	-0.0007  	-0.0020  	0.09844  	0.00089  	0.04870  	-0.0221  	0.05842  	0.00243  	-0.0175  	0.44654  	1.05715  	129.237  	107.608  	
-0.7596  	0.07519  	-0.0073  	-1.3836  	-0.8912  	-1.2649  	0.09054  	-0.6647  	0.08494  	0.42825  	0.18863  	0.03574  	-0.0425  	-0.3539  	-0.8604  	0.96218  	0.36702  	0.29060  	0.54041  	0.51293  	-0.6464  	-0.3020  	-0.1118  	0.11658  	0.12928  	0.16213  	-0.4208  	0.04479  	-0.1013  	0.03406  	0.14559  	0.15386  	-0.2773  	0.03077  	0.13568  	0.17908  	0.20391  	0.07961  	-0.4337  	0.31071  	0.68362  	0.00745  	-0.0595  	0.37143  	0.05512  	-0.0323  	0.01371  	-0.0012  	-0.0273  	0.09118  	0.01722  	-0.0100  	-0.0315  	0.03333  	-0.0213  	-0.0699  	-0.0256  	-0.0236  	-0.0249  	0.02333  	-0.0013  	-0.0033  	0.09874  	0.00162  	0.04741  	-0.0247  	0.05801  	0.00170  	-0.0176  	0.44552  	1.05715  	129.237  	107.608  	
-0.5491  	0.11051  	0.06787  	-1.1962  	-0.7599  	-1.0835  	0.09842  	-0.5918  	0.09647  	0.46320  	0.08868  	0.15200  	0.03290  	-0.3081  	-0.8069  	1.08275  	0.35863  	0.30302  	0.53826  	0.55543  	-0.7123  	-0.3162  	-0.1873  	0.10382  	0.15032  	0.15046  	-0.4244  	0.09894  	-0.0660  	0.02703  	0.10999  	0.16279  	-0.2545  	0.03447  	0.17022  	0.17551  	0.17207  	0.08479  	-0.3744  	0.36680  	0.65594  	0.00684  	-0.0253  	0.36650  	0.04536  	-0.0316  	0.01046  	0.01892  	-0.0164  	0.07109  	0.02506  	-0.0069  	-0.0341  	0.02550  	-0.0113  	-0.0756  	-0.0234  	-0.0299  	-0.0233  	0.01785  	-0.0024  	-0.0120  	0.09975  	0.01084  	0.04728  	-0.0287  	0.05738  	0.00080  	-0.0177  	0.44093  	1.05715  	129.237  	107.608  	
-0.5618  	0.09185  	0.14386  	-1.1487  	-0.7486  	-1.0963  	0.08123  	-0.6002  	0.11234  	0.50889  	0.11294  	0.17767  	0.03767  	-0.3002  	-0.8067  	1.14886  	0.34557  	0.31016  	0.54341  	0.58799  	-0.7345  	-0.3371  	-0.2939  	0.08495  	0.21890  	0.12855  	-0.4525  	0.09265  	-0.0731  	0.03111  	0.11308  	0.18525  	-0.2747  	0.03031  	0.18963  	0.19628  	0.15134  	0.09401  	-0.3908  	0.34976  	0.65600  	0.00367  	-0.0273  	0.35071  	0.03576  	-0.0306  	0.01164  	0.02422  	-0.0147  	0.07893  	0.03433  	-0.0070  	-0.0319  	0.03028  	-0.0145  	-0.0696  	-0.0218  	-0.0325  	-0.0237  	0.02999  	-0.0012  	-0.0191  	0.09589  	0.00203  	0.04726  	-0.0326  	0.05643  	-0.0001  	-0.0182  	0.44992  	1.05715  	129.237  	107.608  	
-0.6104  	0.07121  	0.02846  	-1.1350  	-0.8018  	-1.1068  	0.08638  	-0.6423  	0.08275  	0.41809  	0.13429  	0.12214  	0.00864  	-0.3085  	-0.7229  	1.09880  	0.36293  	0.28062  	0.54262  	0.54552  	-0.6928  	-0.3206  	-0.2807  	0.11488  	0.20737  	0.11120  	-0.4033  	0.05338  	-0.0950  	0.03680  	0.09965  	0.19694  	-0.2870  	0.03148  	0.21398  	0.20923  	0.18474  	0.09477  	-0.4096  	0.34405  	0.63679  	-0.0020  	-0.0495  	0.34088  	0.04043  	-0.0295  	0.01235  	0.00822  	-0.0199  	0.08233  	0.02782  	-0.0060  	-0.0279  	0.03293  	-0.0173  	-0.0699  	-0.0246  	-0.0230  	-0.0204  	0.03071  	-0.0024  	-0.0197  	0.10259  	0.00179  	0.04711  	-0.0381  	0.05533  	-0.0009  	-0.0188  	0.45681  	1.05715  	129.237  	107.608  	
-0.6548  	0.06978  	0.03573  	-1.1726  	-0.8070  	-1.1209  	0.07605  	-0.6600  	0.07595  	0.38338  	0.01014  	0.08078  	0.00905  	-0.3132  	-0.6658  	1.05265  	0.39971  	0.26332  	0.53319  	0.50967  	-0.7055  	-0.3306  	-0.1825  	0.11463  	0.20000  	0.14167  	-0.3751  	0.03573  	-0.1526  	0.05162  	0.10143  	0.18810  	-0.2937  	0.03350  	0.20008  	0.18418  	0.21543  	0.10195  	-0.4080  	0.31598  	0.63512  	0.01994  	-0.0498  	0.35276  	0.03768  	-0.0288  	0.01151  	0.00368  	-0.0301  	0.09357  	0.02442  	-0.0036  	-0.0251  	0.03251  	-0.0178  	-0.0753  	-0.0254  	-0.0238  	-0.0189  	0.02123  	-0.0104  	-0.0027  	0.09649  	-0.0013  	0.04701  	-0.0410  	0.05366  	-0.0014  	-0.0192  	0.45440  	1.05715  	129.237  	107.608  	
-0.6381  	0.11387  	0.06821  	-1.1372  	-0.7019  	-1.1408  	0.08650  	-0.6001  	0.11292  	0.41501  	0.01691  	0.10795  	0.03171  	-0.2058  	-0.6006  	1.01508  	0.37464  	0.27392  	0.54142  	0.51646  	-0.6602  	-0.2961  	-0.2080  	0.08926  	0.18866  	0.12526  	-0.3805  	0.02060  	-0.1206  	0.05166  	0.11928  	0.18392  	-0.2661  	0.04469  	0.18355  	0.15643  	0.17647  	0.11428  	-0.3917  	0.32273  	0.64369  	0.00621  	-0.0416  	0.35655  	0.03259  	-0.0474  	0.01438  	0.01344  	-0.0270  	0.07909  	0.03128  	-0.0044  	-0.0312  	0.03220  	-0.0185  	-0.0701  	-0.0295  	-0.0244  	-0.0235  	0.02405  	-0.0040  	-0.0070  	0.10597  	0.00239  	0.04678  	-0.0439  	0.05210  	-0.0019  	-0.0189  	0.44060  	1.05715  	129.237  	107.608  	
-0.6543  	0.09602  	0.03374  	-1.0678  	-0.6924  	-1.1338  	0.06442  	-0.6528  	0.08182  	0.35480  	0.03585  	0.10264  	0.01417  	-0.3048  	-0.5411  	0.99765  	0.39309  	0.24475  	0.54823  	0.50620  	-0.6056  	-0.2818  	-0.2133  	0.11053  	0.25239  	0.11100  	-0.3296  	0.01200  	-0.1297  	0.09107  	0.09806  	0.19935  	-0.2834  	0.05851  	0.19924  	0.16222  	0.20496  	0.13252  	-0.4035  	0.30712  	0.61825  	0.01427  	-0.0806  	0.34513  	0.03776  	-0.0372  	0.00015  	0.00873  	-0.0312  	0.07581  	0.02649  	0.00267  	-0.0238  	0.03249  	-0.0241  	-0.0693  	-0.0224  	-0.0206  	-0.0230  	0.02304  	0.00411  	-0.0178  	0.10853  	0.00118  	0.04635  	-0.0450  	0.05090  	-0.0022  	-0.0188  	0.43068  	1.05715  	129.237  	107.608  	
-0.6269  	0.10588  	0.03292  	-1.1295  	-0.7212  	-1.0658  	0.06880  	-0.6140  	0.07938  	0.36786  	0.00716  	0.09679  	0.00793  	-0.3070  	-0.6128  	0.99189  	0.37993  	0.25520  	0.54119  	0.52510  	-0.6408  	-0.2675  	-0.1756  	0.13940  	0.20190  	0.13661  	-0.3169  	0.00356  	-0.1216  	0.05250  	0.10065  	0.18430  	-0.2791  	0.04355  	0.20045  	0.16885  	0.19299  	0.10670  	-0.3985  	0.32850  	0.61906  	0.01869  	-0.0694  	0.36754  	0.04383  	-0.0361  	0.00694  	0.00142  	-0.0305  	0.07859  	0.02242  	-0.0004  	-0.0277  	0.03107  	-0.0205  	-0.0742  	-0.0192  	-0.0174  	-0.0225  	0.01620  	-0.0023  	-0.0096  	0.09760  	-0.0016  	0.04508  	-0.0459  	0.04987  	-0.0024  	-0.0191  	0.42955  	1.05715  	129.237  	107.608  	
-0.5174  	0.10211  	0.04735  	-1.0768  	-0.7133  	-1.0231  	0.08382  	-0.6045  	0.09609  	0.41323  	0.05888  	0.11835  	0.02943  	-0.3055  	-0.6769  	1.10783  	0.34951  	0.28638  	0.52762  	0.53885  	-0.6708  	-0.3014  	-0.2231  	0.08811  	0.19216  	0.11077  	-0.3909  	0.03342  	-0.1061  	0.05263  	0.10154  	0.17497  	-0.2731  	0.03318  	0.22545  	0.19102  	0.19912  	0.09786  	-0.3901  	0.34492  	0.63209  	0.00936  	-0.0480  	0.36061  	0.04126  	-0.0269  	0.00200  	0.00738  	-0.0259  	0.07335  	0.02533  	0.00020  	-0.0281  	0.02878  	-0.0126  	-0.0629  	-0.0276  	-0.0260  	-0.0233  	0.02257  	-0.0047  	-0.0147  	0.09410  	0.00370  	0.04216  	-0.0447  	0.04920  	-0.0024  	-0.0186  	0.41676  	1.05715  	129.237  	107.608  	
-0.4657  	0.09865  	0.12251  	-1.0815  	-0.6780  	-1.0195  	0.09679  	-0.5973  	0.10759  	0.46342  	0.06123  	0.15601  	0.06650  	-0.2941  	-0.7672  	1.17848  	0.32747  	0.29786  	0.55712  	0.59546  	-0.7107  	-0.3175  	-0.3361  	0.09874  	0.25241  	0.09364  	-0.3870  	0.09654  	-0.0979  	0.04704  	0.09427  	0.18843  	-0.2819  	0.03608  	0.23469  	0.23374  	0.18434  	0.08877  	-0.3829  	0.35235  	0.61282  	0.01601  	-0.0478  	0.33455  	0.04824  	-0.0264  	0.00249  	0.01987  	-0.0140  	0.08218  	0.03688  	-0.0057  	-0.0307  	0.02542  	-0.0151  	-0.0632  	-0.0200  	-0.0282  	-0.0233  	0.02718  	-0.0018  	-0.0229  	0.10031  	0.00108  	0.03963  	-0.0443  	0.04903  	-0.0022  	-0.0179  	0.39909  	1.05715  	129.237  	107.608  	
-0.5493  	0.09748  	0.04681  	-0.9876  	-0.6593  	-1.0127  	0.08747  	-0.6234  	0.07668  	0.34799  	-0.0434  	0.12106  	0.02911  	-0.2003  	-0.6152  	1.06362  	0.37625  	0.28088  	0.53344  	0.57328  	-0.7133  	-0.3001  	-0.3291  	0.14128  	0.24542  	0.10718  	-0.3510  	0.11599  	-0.0747  	0.09948  	0.06573  	0.20528  	-0.2884  	0.04459  	0.23884  	0.21895  	0.17963  	0.08501  	-0.3839  	0.34723  	0.59827  	0.00760  	-0.0496  	0.34361  	0.04576  	-0.0266  	0.01078  	0.00773  	-0.0185  	0.07590  	0.03552  	-0.0033  	-0.0270  	0.02927  	-0.0189  	-0.0692  	-0.0195  	-0.0215  	-0.0242  	0.03050  	-0.0071  	-0.0222  	0.09545  	-0.0011  	0.03638  	-0.0429  	0.04949  	-0.0026  	-0.0176  	0.40131  	1.05715  	129.237  	107.608  	
-0.4280  	0.13593  	0.10036  	-0.7888  	-0.5537  	-0.9322  	0.09973  	-0.5906  	0.10481  	0.27103  	-0.1775  	0.15090  	0.08600  	-0.0681  	-0.3474  	1.03631  	0.36263  	0.22801  	0.55119  	0.53979  	-0.6598  	-0.2545  	-0.2987  	0.16923  	0.27892  	0.10114  	-0.2959  	0.02419  	-0.1225  	0.11141  	0.05239  	0.20253  	-0.2690  	0.06246  	0.29427  	0.16681  	0.20446  	0.10324  	-0.4038  	0.34118  	0.55090  	0.02696  	-0.0711  	0.33711  	0.04857  	-0.0269  	0.00266  	0.00935  	-0.0119  	0.06927  	0.03080  	-0.0029  	-0.0245  	0.03291  	-0.0237  	-0.0568  	-0.0260  	-0.0284  	-0.0191  	0.03226  	-0.0053  	-0.0049  	0.08174  	-0.0008  	0.03286  	-0.0435  	0.05061  	-0.0030  	-0.0174  	0.40126  	1.05715  	129.237  	107.608  	
-0.4162  	0.14994  	0.09213  	-0.7880  	-0.5550  	-0.9541  	0.13316  	-0.5693  	0.11885  	0.32970  	-0.1937  	0.16903  	0.13814  	-0.0627  	-0.3937  	1.02775  	0.32698  	0.26645  	0.50987  	0.58273  	-0.7391  	-0.2610  	-0.3204  	0.08777  	0.27004  	0.11211  	-0.3971  	0.08005  	-0.0386  	0.10010  	0.06908  	0.16858  	-0.2461  	0.08040  	0.25475  	0.17762  	0.10953  	0.09858  	-0.3530  	0.37014  	0.61168  	0.01354  	-0.0531  	0.34045  	0.03962  	-0.0260  	0.01013  	0.02885  	-0.0150  	0.07473  	0.04002  	-0.0031  	-0.0297  	0.02734  	-0.0236  	-0.0556  	-0.0244  	-0.0285  	-0.0176  	0.03246  	-0.0031  	-0.0133  	0.09023  	0.00036  	0.02972  	-0.0429  	0.05181  	-0.0031  	-0.0169  	0.39593  	1.05715  	129.237  	107.608  	
-0.6137  	0.09264  	0.03947  	-1.0599  	-0.6971  	-1.1086  	0.13395  	-0.6654  	0.09111  	0.41465  	-0.0075  	0.15197  	0.07625  	-0.2153  	-0.5760  	1.02088  	0.38223  	0.30372  	0.50281  	0.57591  	-0.8262  	-0.2684  	-0.2510  	0.06978  	0.22269  	0.12881  	-0.5021  	0.17602  	0.00657  	0.06365  	0.10747  	0.15921  	-0.2811  	0.06446  	0.14284  	0.22008  	0.07496  	0.07461  	-0.3636  	0.34283  	0.67575  	0.00047  	-0.0355  	0.34916  	0.03947  	-0.0319  	0.01254  	0.02751  	-0.0135  	0.08227  	0.02487  	0.00156  	-0.0268  	0.03044  	-0.0206  	-0.0704  	-0.0296  	-0.0247  	-0.0153  	0.02549  	-0.0039  	-0.0109  	0.09641  	-0.0022  	0.02848  	-0.0439  	0.05305  	-0.0034  	-0.0167  	0.39363  	1.05715  	129.237  	107.608  	
-0.7354  	0.07180  	-0.0194  	-1.1492  	-0.7279  	-1.1832  	0.15763  	-0.6676  	0.06452  	0.44026  	0.05979  	0.09271  	0.01632  	-0.3499  	-0.6471  	1.03593  	0.34728  	0.31714  	0.52630  	0.57318  	-0.7934  	-0.2901  	-0.2699  	0.06918  	0.26064  	0.11954  	-0.4328  	0.17639  	0.01579  	0.08312  	0.11132  	0.16654  	-0.3029  	0.05957  	0.14197  	0.22904  	0.09954  	0.08003  	-0.3488  	0.33382  	0.66342  	0.00706  	-0.0600  	0.36417  	0.02995  	-0.0358  	0.00531  	0.02325  	-0.0231  	0.07812  	0.03174  	0.00541  	-0.0256  	0.02261  	-0.0196  	-0.0732  	-0.0223  	-0.0201  	-0.0252  	0.01906  	-0.0002  	-0.0109  	0.10567  	0.00225  	0.02923  	-0.0439  	0.05411  	-0.0036  	-0.0178  	0.40515  	1.05715  	129.237  	107.608  	
-0.7641  	0.07722  	-0.0218  	-1.1937  	-0.7497  	-1.2076  	0.15515  	-0.6302  	0.09067  	0.47181  	0.04093  	0.08919  	0.00913  	-0.2950  	-0.6860  	0.96117  	0.34679  	0.30854  	0.52654  	0.55705  	-0.7888  	-0.2821  	-0.2220  	0.05107  	0.16674  	0.14055  	-0.4641  	0.11124  	0.00347  	0.04727  	0.11989  	0.15219  	-0.2712  	0.05947  	0.12203  	0.18204  	0.09892  	0.09465  	-0.3565  	0.33630  	0.68436  	0.00486  	-0.0591  	0.36955  	0.04145  	-0.0354  	0.00480  	0.02343  	-0.0158  	0.06840  	0.02161  	0.00203  	-0.0304  	0.02670  	-0.0190  	-0.0824  	-0.0196  	-0.0231  	-0.0250  	0.02291  	0.00272  	-0.0097  	0.10246  	0.00578  	0.03168  	-0.0437  	0.05513  	-0.0041  	-0.0189  	0.41696  	1.05715  	129.237  	107.608  	
-0.7893  	0.11571  	-0.0099  	-1.2822  	-0.8087  	-1.2587  	0.11857  	-0.6313  	0.10656  	0.49200  	0.07349  	0.08262  	0.02993  	-0.3097  	-0.7398  	0.95262  	0.34402  	0.30510  	0.53713  	0.55992  	-0.7628  	-0.2687  	-0.1481  	0.04391  	0.14298  	0.13136  	-0.4803  	0.09527  	-0.0203  	0.03418  	0.13348  	0.14514  	-0.2794  	0.05789  	0.08694  	0.16665  	0.11257  	0.09556  	-0.3527  	0.32510  	0.69004  	-0.0154  	-0.0358  	0.37058  	0.02731  	-0.0369  	0.01370  	0.03180  	-0.0174  	0.07420  	0.01902  	-0.0011  	-0.0331  	0.03359  	-0.0165  	-0.0767  	-0.0268  	-0.0215  	-0.0224  	0.02279  	0.00525  	-0.0047  	0.09855  	0.00290  	0.03477  	-0.0409  	0.05555  	-0.0040  	-0.0196  	0.40559  	1.05715  	129.237  	107.608  	
-0.8662  	0.09665  	-0.0470  	-1.3734  	-0.8330  	-1.3139  	0.13455  	-0.6696  	0.09918  	0.51824  	0.09921  	0.07993  	0.02322  	-0.3418  	-0.8036  	0.91947  	0.35021  	0.32102  	0.53604  	0.54560  	-0.7700  	-0.2724  	-0.1482  	0.02435  	0.14153  	0.15034  	-0.4739  	0.12115  	-0.0248  	0.01907  	0.14102  	0.13649  	-0.2793  	0.05954  	0.07970  	0.18677  	0.11034  	0.07903  	-0.3687  	0.31763  	0.69423  	-0.0036  	-0.0356  	0.36730  	0.04684  	-0.0365  	0.01087  	0.02965  	-0.0183  	0.08224  	0.02182  	-0.0034  	-0.0355  	0.03289  	-0.0168  	-0.0715  	-0.0264  	-0.0243  	-0.0173  	0.02713  	0.00133  	-0.0023  	0.09647  	0.00020  	0.03851  	-0.0388  	0.05573  	-0.0039  	-0.0199  	0.38373  	1.05715  	129.237  	107.608  	
-0.9561  	0.06541  	-0.0668  	-1.4787  	-0.8244  	-1.3896  	0.13514  	-0.6973  	0.06421  	0.54022  	0.13584  	0.06195  	0.02850  	-0.3759  	-0.9103  	0.93165  	0.32852  	0.33710  	0.54137  	0.55179  	-0.8002  	-0.2960  	-0.1474  	0.01174  	0.13112  	0.16456  	-0.5001  	0.10518  	-0.0559  	0.00795  	0.16736  	0.12679  	-0.2663  	0.05630  	0.08924  	0.19330  	0.10904  	0.06738  	-0.3549  	0.32291  	0.69866  	-0.0016  	-0.0500  	0.37726  	0.05254  	-0.0367  	0.00816  	0.02385  	-0.0320  	0.08796  	0.01282  	-0.0008  	-0.0334  	0.02818  	-0.0231  	-0.0742  	-0.0292  	-0.0228  	-0.0242  	0.02767  	0.00475  	-0.0008  	0.10027  	-0.0044  	0.04196  	-0.0352  	0.05530  	-0.0037  	-0.0205  	0.38059  	1.05715  	129.237  	107.608  	
-0.9736  	0.08092  	-0.0360  	-1.4668  	-0.7950  	-1.4096  	0.14802  	-0.6773  	0.07016  	0.53997  	0.14429  	0.07005  	0.04093  	-0.3044  	-0.8706  	0.95342  	0.31191  	0.32597  	0.53464  	0.55028  	-0.7982  	-0.2640  	-0.1593  	0.06566  	0.09808  	0.16533  	-0.5068  	0.08174  	-0.0620  	0.01925  	0.17151  	0.11774  	-0.2490  	0.05947  	0.09636  	0.18436  	0.09408  	0.05900  	-0.3437  	0.31966  	0.70678  	0.01087  	-0.0546  	0.35745  	0.05138  	-0.0350  	0.00465  	0.02314  	-0.0334  	0.08458  	0.01234  	0.00072  	-0.0298  	0.02646  	-0.0285  	-0.0810  	-0.0266  	-0.0256  	-0.0196  	0.02895  	0.00321  	0.00061  	0.09813  	-0.0027  	0.04253  	-0.0332  	0.05547  	-0.0036  	-0.0211  	0.39194  	1.05715  	129.237  	107.608  	
-0.8401  	0.08546  	-0.0740  	-1.3164  	-0.7278  	-1.3364  	0.12791  	-0.5820  	0.11810  	0.52184  	0.10335  	0.16012  	0.08860  	-0.1906  	-0.7369  	0.94117  	0.32704  	0.30351  	0.54912  	0.55472  	-0.7487  	-0.2644  	-0.1623  	0.11282  	0.11197  	0.14815  	-0.4870  	0.09641  	-0.0631  	0.03879  	0.14269  	0.12084  	-0.2600  	0.06411  	0.11791  	0.14849  	0.07490  	0.07089  	-0.3309  	0.35443  	0.68048  	0.01015  	-0.0498  	0.33805  	0.03400  	-0.0332  	0.00496  	0.02138  	-0.0289  	0.08136  	0.01839  	-0.0014  	-0.0324  	0.03143  	-0.0274  	-0.0837  	-0.0270  	-0.0330  	-0.0215  	0.03289  	0.00034  	-0.0026  	0.09402  	-0.0010  	0.04049  	-0.0311  	0.05566  	-0.0030  	-0.0207  	0.39732  	1.05715  	129.237  	107.608  	
-0.6665  	0.14608  	-0.0485  	-1.1456  	-0.6836  	-1.1984  	0.09290  	-0.4905  	0.15246  	0.45400  	0.04807  	0.22197  	0.09244  	-0.0923  	-0.5870  	0.95156  	0.36220  	0.30195  	0.56485  	0.56106  	-0.6657  	-0.2761  	-0.1710  	0.09186  	0.11828  	0.13096  	-0.5025  	0.14352  	-0.0357  	0.04802  	0.14249  	0.12808  	-0.2726  	0.05635  	0.12643  	0.11468  	0.07721  	0.06991  	-0.3364  	0.36400  	0.65698  	-0.0155  	-0.0439  	0.33860  	0.03131  	-0.0296  	0.00746  	0.02621  	-0.0185  	0.08077  	0.03156  	-0.0028  	-0.0360  	0.03205  	-0.0273  	-0.0835  	-0.0250  	-0.0330  	-0.0242  	0.03391  	-0.0041  	-0.0031  	0.09096  	-0.0019  	0.03873  	-0.0303  	0.05570  	-0.0022  	-0.0195  	0.40352  	1.05715  	129.237  	107.608  	
-0.5504  	0.17642  	0.04688  	-0.9386  	-0.6316  	-1.1168  	0.11702  	-0.4737  	0.16836  	0.34989  	-0.0424  	0.29504  	0.09268  	0.00770  	-0.4328  	0.95542  	0.35360  	0.29905  	0.54363  	0.59019  	-0.6501  	-0.2919  	-0.2079  	0.06851  	0.14716  	0.13061  	-0.5006  	0.17916  	-0.0149  	0.05960  	0.12509  	0.10185  	-0.2493  	0.06146  	0.17589  	0.10936  	0.09377  	0.06097  	-0.3481  	0.34423  	0.64872  	-0.0136  	-0.0405  	0.34497  	0.04659  	-0.0255  	0.00856  	0.02893  	-0.0198  	0.07930  	0.02956  	-0.0068  	-0.0340  	0.03091  	-0.0318  	-0.0622  	-0.0240  	-0.0374  	-0.0226  	0.03334  	-0.0022  	-0.0054  	0.08564  	-0.0019  	0.03627  	-0.0292  	0.05541  	-0.0016  	-0.0183  	0.43235  	1.05715  	129.237  	107.608  	
-0.4722  	0.18871  	0.09045  	-0.7908  	-0.5208  	-1.0160  	0.12706  	-0.5062  	0.14412  	0.32006  	-0.1787  	0.31598  	0.12542  	0.05782  	-0.2976  	0.98786  	0.37162  	0.31508  	0.52410  	0.58024  	-0.6900  	-0.2583  	-0.2442  	0.05785  	0.13888  	0.14030  	-0.5220  	0.19127  	0.00213  	0.07327  	0.09034  	0.11118  	-0.2449  	0.06198  	0.18254  	0.10852  	0.06281  	0.07899  	-0.3203  	0.34771  	0.65610  	-0.0205  	-0.0429  	0.34425  	0.03753  	-0.0253  	0.01201  	0.04460  	-0.0158  	0.06431  	0.02170  	-0.0071  	-0.0352  	0.02686  	-0.0273  	-0.0662  	-0.0298  	-0.0348  	-0.0204  	0.03197  	-0.0033  	-0.0100  	0.08541  	-0.0042  	0.03401  	-0.0298  	0.05525  	-0.0005  	-0.0169  	0.44670  	1.05715  	129.237  	107.608  	
-0.3687  	0.23122  	0.12686  	-0.7240  	-0.5270  	-0.9049  	0.12758  	-0.4974  	0.16538  	0.25801  	-0.2805  	0.26769  	0.15969  	0.07377  	-0.1843  	0.97431  	0.37239  	0.27508  	0.52424  	0.54660  	-0.6912  	-0.2448  	-0.2580  	0.08411  	0.16918  	0.13353  	-0.4488  	0.10012  	-0.0541  	0.08873  	0.09910  	0.15174  	-0.2255  	0.04874  	0.21103  	0.08071  	0.09489  	0.10180  	-0.3235  	0.35595  	0.62671  	-0.0140  	-0.0408  	0.34913  	0.02828  	-0.0325  	0.01039  	0.04228  	-0.0056  	0.06554  	0.02510  	-0.0005  	-0.0347  	0.02604  	-0.0280  	-0.0658  	-0.0261  	-0.0368  	-0.0188  	0.02860  	0.00576  	-0.0049  	0.08813  	-0.0002  	0.03223  	-0.0293  	0.05477  	0.00083  	-0.0157  	0.46572  	1.05715  	129.237  	107.608  	
-0.1710  	0.25403  	0.21516  	-0.7328  	-0.5357  	-0.8551  	0.14484  	-0.4480  	0.19053  	0.29572  	-0.1869  	0.23033  	0.20359  	0.15938  	-0.1178  	1.02317  	0.36273  	0.22531  	0.50695  	0.53055  	-0.5512  	-0.2449  	-0.2767  	0.12836  	0.15625  	0.10786  	-0.3606  	-0.0512  	-0.1621  	0.06849  	0.10287  	0.18086  	-0.2073  	0.05140  	0.29490  	0.03612  	0.20612  	0.11843  	-0.3728  	0.32939  	0.59850  	0.00951  	-0.0558  	0.33618  	0.03722  	-0.0216  	0.00738  	0.02916  	-0.0132  	0.07050  	0.01559  	-0.0004  	-0.0324  	0.02660  	-0.0293  	-0.0600  	-0.0326  	-0.0287  	-0.0255  	0.02138  	0.00166  	0.00242  	0.08851  	-0.0023  	0.03155  	-0.0298  	0.05439  	0.00197  	-0.0151  	0.48830  	1.05715  	129.237  	107.608  	
-0.0288  	0.27824  	0.33385  	-0.7478  	-0.5985  	-0.8013  	0.17202  	-0.3524  	0.21667  	0.27398  	-0.1064  	0.15986  	0.19251  	0.22019  	-0.0881  	1.10202  	0.33905  	0.16582  	0.52219  	0.44597  	-0.4250  	-0.2033  	-0.2129  	0.18069  	0.18471  	0.08654  	-0.2596  	-0.2246  	-0.2467  	0.05022  	0.09196  	0.20728  	-0.2217  	0.04122  	0.36829  	0.02647  	0.31285  	0.15425  	-0.4274  	0.30267  	0.56730  	0.00945  	-0.0523  	0.34550  	0.03332  	-0.0288  	0.00418  	0.04586  	-0.0094  	0.07916  	0.00973  	0.00120  	-0.0271  	0.02949  	-0.0245  	-0.0491  	-0.0363  	-0.0326  	-0.0295  	0.03313  	0.00842  	-0.0001  	0.09147  	-0.0028  	0.03236  	-0.0291  	0.05471  	0.00284  	-0.0153  	0.50843  	1.05715  	129.237  	107.608  	
-0.0201  	0.30031  	0.37054  	-0.7953  	-0.6673  	-0.7677  	0.16546  	-0.3210  	0.22316  	0.23403  	0.00752  	0.15549  	0.15925  	0.19375  	-0.1301  	1.13177  	0.36203  	0.13905  	0.52709  	0.42037  	-0.3269  	-0.2101  	-0.1548  	0.22233  	0.17156  	0.08537  	-0.2104  	-0.2854  	-0.3422  	0.02943  	0.08779  	0.22754  	-0.2134  	0.04072  	0.38126  	-0.0081  	0.39072  	0.17970  	-0.4492  	0.27752  	0.55086  	0.00572  	-0.0445  	0.34987  	0.03288  	-0.0290  	0.00333  	0.04485  	-0.0088  	0.07866  	0.00238  	0.00012  	-0.0254  	0.03527  	-0.0243  	-0.0522  	-0.0374  	-0.0329  	-0.0338  	0.03517  	0.00651  	-0.0026  	0.09317  	-0.0020  	0.03407  	-0.0288  	0.05549  	0.00311  	-0.0160  	0.53027  	1.05715  	129.237  	107.608  	
-0.0441  	0.29268  	0.38105  	-0.8178  	-0.7150  	-0.7467  	0.16877  	-0.2975  	0.24203  	0.21374  	0.04930  	0.16335  	0.17045  	0.21349  	-0.1564  	1.16231  	0.37457  	0.13589  	0.53265  	0.39491  	-0.2776  	-0.2298  	-0.1508  	0.25881  	0.15675  	0.07501  	-0.1829  	-0.3274  	-0.3972  	0.02374  	0.08825  	0.23770  	-0.2169  	0.04531  	0.40778  	-0.0327  	0.42436  	0.19152  	-0.4684  	0.26704  	0.54938  	0.00855  	-0.0560  	0.34045  	0.03246  	-0.0275  	0.00139  	0.04027  	-0.0125  	0.08168  	0.00500  	0.00188  	-0.0256  	0.03921  	-0.0275  	-0.0533  	-0.0445  	-0.0290  	-0.0334  	0.03387  	0.00953  	-0.0033  	0.09736  	-0.0016  	0.03564  	-0.0273  	0.05619  	0.00356  	-0.0163  	0.52189  	1.05715  	129.237  	107.608  	
-0.0458  	0.29785  	0.36660  	-0.8373  	-0.7163  	-0.7668  	0.16643  	-0.2958  	0.25762  	0.20336  	0.06579  	0.16481  	0.16856  	0.19900  	-0.1743  	1.15517  	0.37018  	0.14665  	0.52029  	0.40582  	-0.3046  	-0.2290  	-0.1385  	0.24226  	0.12794  	0.08831  	-0.2174  	-0.2981  	-0.3980  	0.02028  	0.09595  	0.22593  	-0.2044  	0.04354  	0.40405  	-0.0310  	0.41935  	0.19371  	-0.4683  	0.26340  	0.55686  	0.00723  	-0.0493  	0.34065  	0.03086  	-0.0281  	0.00394  	0.03262  	-0.0133  	0.08381  	0.00786  	0.00199  	-0.0241  	0.03900  	-0.0261  	-0.0521  	-0.0429  	-0.0291  	-0.0298  	0.03600  	0.00812  	-0.0004  	0.09377  	-0.0022  	0.03823  	-0.0276  	0.05656  	0.00348  	-0.0164  	0.51303  	1.05715  	129.237  	107.608  	
-0.1368  	0.27888  	0.26929  	-0.8393  	-0.6225  	-0.8777  	0.17493  	-0.3930  	0.22742  	0.25362  	-1.8519  	0.19469  	0.17872  	0.11891  	-0.2517  	1.10177  	0.34304  	0.21648  	0.47956  	0.52833  	-0.4632  	-0.2588  	-0.2285  	0.14345  	0.14718  	0.10863  	-0.3605  	-0.0624  	-0.2055  	0.02931  	0.09311  	0.17234  	-0.1928  	0.04486  	0.33931  	0.01562  	0.26417  	0.13902  	-0.4070  	0.31284  	0.59786  	0.00735  	-0.0534  	0.33113  	0.03294  	-0.0296  	0.01161  	0.02645  	-0.0180  	0.08412  	0.02849  	0.00230  	-0.0307  	0.02560  	-0.0256  	-0.0576  	-0.0327  	-0.0288  	-0.0250  	0.02396  	0.00417  	-0.0043  	0.09103  	-0.0022  	0.03952  	-0.0278  	0.05637  	0.00297  	-0.0170  	0.52087  	1.05715  	129.237  	107.608  	
-0.0649  	0.24768  	0.34720  	-0.7843  	-0.6032  	-0.7305  	0.16274  	-0.3652  	0.24507  	0.30071  	-0.1393  	0.13238  	0.27982  	0.19340  	-0.3124  	1.13806  	0.35277  	0.23881  	0.50088  	0.48358  	-0.5803  	-0.2535  	-0.2615  	0.11686  	0.17096  	0.10253  	-0.3611  	-0.0730  	-0.1683  	0.08793  	0.11841  	0.19193  	-0.1980  	0.05180  	0.26926  	0.01603  	0.20600  	0.12758  	-0.3734  	0.32823  	0.59344  	0.00325  	-0.0063  	0.34334  	0.02395  	-0.0278  	-0.0027  	0.04551  	-0.0067  	0.07839  	0.01977  	-0.0020  	-0.0296  	0.02718  	-0.0218  	-0.0527  	-0.0392  	-0.0330  	-0.0288  	0.03079  	0.00974  	-0.0017  	0.09589  	0.00181  	0.03894  	-0.0300  	0.05666  	0.00208  	-0.0182  	0.52337  	1.05715  	129.237  	107.608  	
-0.2148  	0.20392  	0.18347  	-1.0909  	-0.7031  	-1.0034  	0.20654  	-0.4716  	0.17130  	0.40643  	-0.0659  	0.04265  	0.26027  	0.23556  	-0.4439  	0.98245  	0.32714  	0.25134  	0.50198  	0.50906  	-0.6390  	-0.2774  	-0.3562  	0.17834  	0.30379  	0.06687  	-0.2594  	-0.0607  	-0.1927  	0.05191  	0.11789  	0.16434  	-0.2275  	0.04228  	0.29727  	0.10659  	0.23383  	0.10230  	-0.3996  	0.34492  	0.64420  	0.01567  	-0.0490  	0.33015  	0.04464  	-0.0274  	-0.0138  	0.04509  	-0.0077  	0.09649  	0.01565  	-0.0071  	-0.0348  	0.03344  	-0.0193  	-0.0534  	-0.0304  	-0.0301  	-0.0303  	0.02276  	0.00581  	-0.0050  	0.08677  	0.00637  	0.03750  	-0.0319  	0.05615  	0.00140  	-0.0185  	0.52576  	1.05715  	129.237  	107.608  	
-0.8153  	0.07627  	-0.0696  	-1.2625  	-0.7214  	-1.2718  	0.15853  	-0.6011  	0.11785  	0.45530  	0.21014  	0.12441  	0.10534  	-0.0557  	-0.6125  	0.87266  	0.35406  	0.23040  	0.48823  	0.56401  	-0.5626  	-0.3107  	-0.2742  	0.20960  	0.16924  	0.13413  	-0.3213  	-0.0565  	-0.1519  	0.06848  	0.15799  	0.15885  	-0.2141  	0.04794  	0.25138  	0.11867  	0.21409  	0.06899  	-0.3915  	0.37318  	0.58915  	0.04497  	-0.0998  	0.31565  	0.05749  	-0.0310  	0.00809  	0.00698  	-0.0254  	0.07612  	0.02312  	-0.0023  	-0.0367  	0.03951  	-0.0326  	-0.0573  	-0.0373  	-0.0366  	-0.0163  	0.03545  	0.01169  	-0.0034  	0.08577  	-0.0073  	0.03715  	-0.0345  	0.05543  	0.00053  	-0.0186  	0.52625  	1.05715  	129.237  	107.608  	
-0.8958  	0.02959  	-0.1233  	-1.3309  	-0.7496  	-1.3103  	0.11564  	-0.5785  	0.09995  	0.46691  	0.19104  	0.09995  	0.05367  	-0.1966  	-0.6819  	0.86975  	0.34603  	0.22937  	0.50865  	0.53004  	-0.6238  	-0.2832  	-0.2163  	0.16033  	0.11040  	0.14158  	-0.3746  	-0.0145  	-0.1232  	0.04152  	0.12306  	0.15181  	-0.2410  	0.05025  	0.21036  	0.12192  	0.16082  	0.07027  	-0.3636  	0.36074  	0.59448  	0.04015  	-0.1083  	0.31871  	0.04361  	-0.0254  	0.01493  	-0.0064  	-0.0279  	0.08802  	0.01724  	-6.8932  	-0.0383  	0.03086  	-0.0293  	-0.0789  	-0.0342  	-0.0271  	-0.0241  	0.03021  	0.00403  	-0.0020  	0.08338  	-0.0069  	0.03680  	-0.0371  	0.05448  	-0.0002  	-0.0193  	0.53588  	1.05715  	129.237  	107.608  	
-0.5185  	0.11966  	0.02148  	-1.0058  	-0.5716  	-1.1355  	0.11664  	-0.4945  	0.14364  	0.35649  	0.01706  	0.27974  	0.12082  	0.01736  	-0.4407  	1.00773  	0.33591  	0.28393  	0.52204  	0.61679  	-0.6295  	-0.3406  	-0.3182  	0.14601  	0.15227  	0.10949  	-0.4091  	0.09327  	-0.1003  	0.06302  	0.10159  	0.12534  	-0.2469  	0.04772  	0.29151  	0.12198  	0.12026  	0.05461  	-0.3852  	0.39123  	0.55289  	0.01846  	-0.0841  	0.32000  	0.06239  	-0.0238  	0.00793  	0.01781  	-0.0295  	0.08462  	0.03134  	-0.0071  	-0.0430  	0.02859  	-0.0357  	-0.0613  	-0.0330  	-0.0381  	-0.0290  	0.03168  	-0.0018  	-0.0070  	0.08726  	-0.0051  	0.03696  	-0.0410  	0.05345  	-0.0009  	-0.0200  	0.54213  	1.05715  	129.237  	107.608  	
-0.2872  	0.24853  	0.15675  	-0.8086  	-0.5151  	-0.8725  	0.13364  	-0.4164  	0.16801  	0.31188  	-0.2949  	0.21597  	0.22227  	0.16437  	-0.1575  	1.03097  	0.36521  	0.21272  	0.52630  	0.48826  	-0.6353  	-0.2145  	-0.2233  	0.15003  	0.21950  	0.11554  	-0.3338  	-0.0203  	-0.1271  	0.07490  	0.13342  	0.14542  	-0.2215  	0.05094  	0.26673  	0.05020  	0.16194  	0.07552  	-0.3465  	0.34246  	0.58897  	-0.0056  	-0.0389  	0.35137  	0.03037  	-0.0358  	0.00656  	0.04607  	-0.0150  	0.08885  	0.02112  	-0.0009  	-0.0413  	0.01482  	-0.0283  	-0.0562  	-0.0268  	-0.0330  	-0.0277  	0.02127  	0.00876  	-0.0058  	0.09363  	0.00394  	0.03726  	-0.0430  	0.05204  	-0.0015  	-0.0206  	0.54444  	1.05715  	129.237  	107.608  	
-0.1368  	0.27718  	0.25990  	-0.8080  	-0.5897  	-0.8529  	0.13638  	-0.3991  	0.19714  	0.31136  	-0.1783  	0.16154  	0.23578  	0.18710  	-0.2462  	1.04074  	0.35032  	0.21184  	0.52865  	0.45053  	-0.5540  	-0.2221  	-0.2334  	0.11140  	0.21136  	0.09019  	-0.3072  	-0.0799  	-0.1727  	0.09647  	0.11191  	0.16512  	-0.2087  	0.04248  	0.31248  	0.04556  	0.21189  	0.10994  	-0.3938  	0.32745  	0.58887  	0.00193  	-0.0322  	0.35514  	0.02546  	-0.0305  	0.00735  	0.04038  	-0.0125  	0.08447  	0.02074  	-0.0061  	-0.0273  	0.02826  	-0.0271  	-0.0591  	-0.0293  	-0.0251  	-0.0268  	0.03110  	-0.0017  	-0.0059  	0.09701  	0.00077  	0.03756  	-0.0454  	0.05077  	-0.0021  	-0.0207  	0.53528  	1.05715  	129.237  	107.608  	
-0.5345  	0.16562  	0.03309  	-1.0972  	-0.6729  	-1.0966  	0.14251  	-0.5639  	0.14184  	0.38911  	-0.0075  	0.12732  	0.05521  	-0.1353  	-0.4829  	0.95337  	0.35359  	0.27894  	0.55788  	0.53505  	-0.6128  	-0.2672  	-0.2300  	0.11460  	0.21968  	0.10892  	-0.3582  	-0.0114  	-0.1051  	0.03822  	0.09632  	0.16858  	-0.2491  	0.04946  	0.24320  	0.13081  	0.19828  	0.10924  	-0.3958  	0.37141  	0.62659  	-0.0049  	-0.0630  	0.36141  	0.03864  	-0.0310  	0.01208  	0.01506  	-0.0246  	0.07592  	0.02004  	0.00074  	-0.0319  	0.03349  	-0.0264  	-0.0732  	-0.0314  	-0.0255  	-0.0205  	0.02775  	-0.0042  	-0.0055  	0.09340  	-0.0056  	0.03735  	-0.0463  	0.04991  	-0.0025  	-0.0212  	0.53071  	1.05715  	129.237  	107.608  	
-0.7928  	0.06450  	-0.0641  	-1.2921  	-0.8052  	-1.2212  	0.12409  	-0.6565  	0.08718  	0.45734  	0.11268  	0.03197  	0.00237  	-0.3317  	-0.6629  	0.92274  	0.35488  	0.32483  	0.54084  	0.55075  	-0.6754  	-0.3033  	-0.2206  	0.05994  	0.22646  	0.12757  	-0.4156  	0.05362  	-0.0735  	0.03357  	0.12027  	0.16629  	-0.2758  	0.04952  	0.14261  	0.17928  	0.16900  	0.09389  	-0.3641  	0.33425  	0.65313  	0.00211  	-0.0713  	0.34641  	0.05430  	-0.0261  	0.00336  	0.00122  	-0.0333  	0.07794  	0.01837  	0.00189  	-0.0284  	0.03084  	-0.0266  	-0.0752  	-0.0229  	-0.0246  	-0.0214  	0.02747  	0.00175  	-0.0131  	0.09600  	0.00056  	0.03631  	-0.0476  	0.04921  	-0.0030  	-0.0219  	0.53454  	1.05715  	129.237  	107.608  	
-0.7638  	0.05675  	-0.0233  	-1.3065  	-0.8251  	-1.1842  	0.12147  	-0.6513  	0.10037  	0.46825  	0.04891  	0.08156  	0.03177  	-0.3290  	-0.7770  	0.96907  	0.35135  	0.32606  	0.53753  	0.53259  	-0.8090  	-0.2754  	-0.1560  	0.04045  	0.17194  	0.14964  	-0.5049  	0.13877  	0.02209  	0.05490  	0.15146  	0.13400  	-0.2847  	0.05951  	0.05069  	0.18678  	0.08166  	0.07259  	-0.3627  	0.34782  	0.70656  	-0.0040  	-0.0244  	0.37509  	0.04243  	-0.0349  	0.01402  	0.02948  	-0.0105  	0.07961  	0.02195  	-0.0002  	-0.0375  	0.02981  	-0.0194  	-0.0779  	-0.0224  	-0.0294  	-0.0217  	0.02001  	0.00383  	-0.0080  	0.09915  	0.00388  	0.03350  	-0.0477  	0.04853  	-0.0032  	-0.0216  	0.52683  	1.05715  	129.237  	107.608  	
-0.5638  	0.12188  	0.07280  	-1.1452  	-0.7500  	-1.0573  	0.10123  	-0.6020  	0.11176  	0.42806  	0.04323  	0.11762  	0.05022  	-0.2833  	-0.7845  	1.08014  	0.35779  	0.31756  	0.53735  	0.54636  	-0.7539  	-0.3016  	-0.2104  	0.06148  	0.20933  	0.12919  	-0.4397  	0.12476  	-0.0317  	0.07868  	0.10715  	0.16000  	-0.2564  	0.04860  	0.16011  	0.17915  	0.14816  	0.07379  	-0.3466  	0.34463  	0.65846  	0.00140  	-0.0311  	0.35497  	0.04603  	-0.0316  	0.00423  	0.02187  	-0.0158  	0.07625  	0.02691  	-0.0074  	-0.0265  	0.02910  	-0.0223  	-0.0631  	-0.0257  	-0.0264  	-0.0258  	0.02141  	0.00027  	-0.0124  	0.10225  	0.00654  	0.03079  	-0.0491  	0.04804  	-0.0033  	-0.0209  	0.51573  	1.05715  	129.237  	107.608  	
-0.6551  	0.11175  	0.03880  	-1.1357  	-0.7319  	-1.0970  	0.10344  	-0.6276  	0.10702  	0.42957  	0.05414  	0.12572  	0.02416  	-0.2695  	-0.7539  	1.04203  	0.38177  	0.29957  	0.53530  	0.56687  	-0.7231  	-0.3043  	-0.2424  	0.06992  	0.20733  	0.12895  	-0.4196  	0.11803  	-0.0257  	0.06506  	0.09312  	0.16560  	-0.2755  	0.05390  	0.15832  	0.19113  	0.14401  	0.08422  	-0.3687  	0.34571  	0.66496  	-0.0046  	-0.0365  	0.34657  	0.04293  	-0.0332  	0.00760  	0.01535  	-0.0242  	0.07582  	0.02697  	-0.0047  	-0.0326  	0.02654  	-0.0189  	-0.0672  	-0.0243  	-0.0270  	-0.0252  	0.02335  	-0.0001  	-0.0134  	0.09865  	0.00056  	0.02709  	-0.0501  	0.04744  	-0.0036  	-0.0205  	0.51864  	1.05715  	129.237  	107.608  	
-0.6744  	0.09734  	0.03636  	-1.2359  	-0.8076  	-1.1319  	0.11261  	-0.6531  	0.09684  	0.41299  	0.08515  	0.06439  	-0.0009  	-0.3245  	-0.7452  	1.00930  	0.37554  	0.29418  	0.53804  	0.54382  	-0.7074  	-0.3058  	-0.1958  	0.07076  	0.21349  	0.13378  	-0.4177  	0.08316  	-0.0607  	0.03800  	0.11506  	0.15962  	-0.2940  	0.04464  	0.15461  	0.20413  	0.18210  	0.09496  	-0.3834  	0.32426  	0.68061  	-0.0070  	-0.0353  	0.37062  	0.04095  	-0.0347  	0.01069  	0.01264  	-0.0260  	0.08092  	0.02731  	-0.0008  	-0.0262  	0.02762  	-0.0152  	-0.0693  	-0.0289  	-0.0213  	-0.0216  	0.02406  	-0.0054  	-0.0049  	0.10101  	0.00134  	0.02420  	-0.0518  	0.04734  	-0.0039  	-0.0202  	0.51492  	1.05715  	129.237  	107.608  	
-0.8018  	0.08832  	-0.0160  	-1.3295  	-0.8428  	-1.2116  	0.12813  	-0.6762  	0.09428  	0.45006  	0.07902  	0.02896  	0.00599  	-0.3287  	-0.7259  	0.93849  	0.37999  	0.31060  	0.54063  	0.53759  	-0.7275  	-0.2960  	-0.1880  	0.03104  	0.20042  	0.13833  	-0.4338  	0.07595  	-0.0508  	0.03283  	0.12323  	0.14726  	-0.2876  	0.05332  	0.11093  	0.20095  	0.14824  	0.09825  	-0.3801  	0.31900  	0.68880  	0.00183  	-0.0449  	0.35746  	0.04527  	-0.0342  	0.01346  	0.01480  	-0.0249  	0.07668  	0.02513  	0.00238  	-0.0332  	0.03627  	-0.0214  	-0.0714  	-0.0246  	-0.0252  	-0.0168  	0.02951  	0.00335  	-0.0069  	0.09744  	0.00070  	0.02201  	-0.0520  	0.04766  	-0.0039  	-0.0194  	0.50956  	1.05715  	129.237  	107.608  	
-0.7984  	0.06318  	-0.0313  	-1.3549  	-0.8523  	-1.2474  	0.09826  	-0.6677  	0.09235  	0.41732  	0.12571  	0.02989  	-0.0224  	-0.3724  	-0.7609  	0.96763  	0.37021  	0.29631  	0.54197  	0.50142  	-0.7069  	-0.2941  	-0.1309  	0.06876  	0.17484  	0.15365  	-0.4282  	0.06410  	-0.0673  	0.04585  	0.14457  	0.15280  	-0.2769  	0.04286  	0.11933  	0.16655  	0.16989  	0.09199  	-0.4037  	0.32191  	0.69270  	0.00362  	-0.0449  	0.37154  	0.04793  	-0.0319  	0.01128  	0.00592  	-0.0297  	0.08029  	0.01879  	-0.0025  	-0.0337  	0.03350  	-0.0223  	-0.0703  	-0.0279  	-0.0250  	-0.0247  	0.02520  	0.00278  	-0.0084  	0.09769  	0.00325  	0.02197  	-0.0532  	0.04820  	-0.0042  	-0.0189  	0.50960  	1.05715  	129.237  	107.608  	
-0.6888  	0.09020  	0.00351  	-1.2566  	-0.8004  	-1.1646  	0.09299  	-0.6243  	0.10699  	0.40121  	0.09269  	0.10127  	0.00489  	-0.3149  	-0.7292  	0.99130  	0.37389  	0.27375  	0.52505  	0.52058  	-0.6900  	-0.3026  	-0.1284  	0.10795  	0.14416  	0.15290  	-0.4275  	0.08303  	-0.0724  	0.02584  	0.13798  	0.15355  	-0.2566  	0.03811  	0.15861  	0.16605  	0.17979  	0.08722  	-0.4094  	0.32472  	0.67212  	-0.0024  	-0.0506  	0.36977  	0.04522  	-0.0304  	0.01502  	0.00606  	-0.0268  	0.08273  	0.01756  	-0.0063  	-0.0290  	0.02506  	-0.0240  	-0.0798  	-0.0225  	-0.0201  	-0.0233  	0.01933  	-0.0012  	-0.0037  	0.10358  	0.00319  	0.02375  	-0.0535  	0.04864  	-0.0043  	-0.0197  	0.51870  	1.05715  	129.237  	107.608  	
-0.5998  	0.12456  	0.14639  	-1.1535  	-0.7791  	-1.1239  	0.06064  	-0.5371  	0.09718  	0.43708  	0.08461  	0.17268  	0.09710  	-0.2890  	-0.7061  	1.01210  	0.43048  	0.15212  	0.58741  	0.31911  	-0.6806  	-0.5521  	-0.4730  	0.03743  	0.05514  	0.23952  	-0.5059  	0.01939  	0.03458  	-0.0049  	0.25599  	0.10947  	-0.3340  	-0.1143  	0.10287  	0.16209  	0.07425  	0.09025  	-0.4951  	0.26663  	0.75860  	0.12026  	-0.1477  	0.44762  	-0.0205  	-0.0085  	-0.0117  	0.04046  	-0.0304  	0.05282  	0.03182  	-0.0013  	-0.0292  	0.04498  	-0.0100  	-0.0743  	-0.0299  	-0.0451  	-0.0240  	0.03579  	0.00521  	-0.0143  	0.08269  	0.01013  	0.02709  	-0.0536  	0.04910  	-0.0048  	-0.0205  	0.52757  	1.05715  	129.237  	107.608  	
-0.5781  	0.11038  	0.16815  	-1.1531  	-0.7921  	-1.1702  	0.02549  	-0.5076  	0.05521  	0.44413  	0.10803  	0.18515  	0.13994  	-0.3480  	-0.6979  	0.98543  	0.49685  	0.01432  	0.66656  	0.12689  	-0.6451  	-0.7422  	-0.7289  	0.04791  	0.06959  	0.31605  	-0.4690  	-0.0526  	0.08158  	-0.0081  	0.33730  	0.09287  	-0.4270  	-0.2432  	0.06526  	0.16112  	-0.0065  	0.09469  	-0.5906  	0.19343  	0.79314  	0.23651  	-0.2345  	0.50403  	-0.0596  	0.00632  	-0.0274  	0.05242  	-0.0439  	0.04906  	0.04407  	0.00195  	-0.0281  	0.06241  	-0.0074  	-0.0791  	-0.0285  	-0.0497  	-0.0207  	0.04526  	0.00673  	-0.0175  	0.07123  	0.00148  	0.03088  	-0.0512  	0.04953  	-0.0049  	-0.0207  	0.51899  	1.05715  	129.237  	107.608  	
-0.7469  	0.12702  	0.07515  	-1.2281  	-0.8175  	-1.2232  	0.05170  	-0.5417  	0.05305  	0.41398  	0.10778  	0.13550  	0.12591  	-0.3782  	-0.6748  	0.89692  	0.55290  	-0.0477  	0.67929  	0.04671  	-0.5959  	-0.7855  	-0.7410  	0.10505  	0.07328  	0.34530  	-0.4306  	-0.0783  	0.08009  	-0.0022  	0.34857  	0.06375  	-0.4672  	-0.2785  	0.06690  	0.15780  	-0.0126  	0.07404  	-0.6270  	0.17066  	0.79159  	0.27880  	-0.2723  	0.50642  	-0.0590  	0.00944  	-0.0382  	0.03446  	-0.0563  	0.06322  	0.03978  	0.00255  	-0.0319  	0.06662  	-0.0022  	-0.0712  	-0.0291  	-0.0499  	-0.0148  	0.04620  	0.00636  	-0.0054  	0.06560  	0.00124  	0.03462  	-0.0492  	0.05027  	-0.0050  	-0.0205  	0.50116  	1.05715  	129.237  	107.608  	
-0.7365  	0.10868  	0.06564  	-1.2775  	-0.8464  	-1.2977  	0.02391  	-0.5325  	0.03615  	0.36430  	0.15789  	0.07565  	0.08516  	-0.3510  	-0.5788  	0.84844  	0.53549  	-0.0055  	0.67501  	0.01971  	-0.5540  	-0.7215  	-0.5947  	0.11297  	0.01148  	0.31936  	-0.4413  	-0.1306  	0.02848  	-0.0057  	0.34529  	0.08596  	-0.4623  	-0.2512  	0.05215  	0.10549  	0.01510  	0.10717  	-0.6355  	0.15194  	0.80298  	0.24557  	-0.2587  	0.50115  	-0.0624  	0.00511  	-0.0318  	0.05246  	-0.0559  	0.06717  	0.03269  	0.00610  	-0.0240  	0.06467  	-0.0086  	-0.0768  	-0.0232  	-0.0465  	-0.0174  	0.03548  	0.01246  	-0.0094  	0.06058  	-0.0014  	0.03682  	-0.0463  	0.05066  	-0.0048  	-0.0207  	0.49969  	1.05715  	129.237  	107.608  	
-0.5943  	0.13084  	0.08464  	-1.1844  	-0.7810  	-1.1649  	0.04426  	-0.5415  	0.07498  	0.37073  	0.13690  	0.13192  	0.07549  	-0.3007  	-0.6282  	0.97975  	0.42911  	0.09378  	0.61070  	0.23468  	-0.5862  	-0.5086  	-0.3708  	0.11164  	0.04655  	0.23957  	-0.4314  	-0.0841  	-0.0560  	0.00177  	0.23492  	0.11353  	-0.3504  	-0.1283  	0.14803  	0.11625  	0.14633  	0.10031  	-0.5450  	0.23522  	0.73194  	0.14228  	-0.1784  	0.43762  	-0.0175  	-0.0090  	-0.0044  	0.03548  	-0.0372  	0.06796  	0.02073  	-0.0021  	-0.0317  	0.04481  	-0.0175  	-0.0757  	-0.0280  	-0.0375  	-0.0249  	0.02601  	0.00581  	-0.0101  	0.08371  	-0.0015  	0.03607  	-0.0445  	0.05101  	-0.0048  	-0.0214  	0.51217  	1.05715  	129.237  	107.608  	
-0.5503  	0.12653  	0.12981  	-1.2078  	-0.8026  	-1.1167  	0.08581  	-0.5827  	0.10509  	0.48160  	0.12057  	0.17293  	0.03672  	-0.1852  	-0.8026  	1.08372  	0.32863  	0.30137  	0.53457  	0.55181  	-0.7101  	-0.3062  	-0.1832  	0.09413  	0.09594  	0.14364  	-0.4601  	0.04737  	-0.1051  	0.01972  	0.13398  	0.17168  	-0.2424  	0.04395  	0.19433  	0.16261  	0.18963  	0.10002  	-0.4028  	0.33267  	0.65527  	0.00598  	-0.0379  	0.36128  	0.03059  	-0.0290  	0.01199  	0.02488  	-0.0148  	0.06623  	0.02391  	-0.0054  	-0.0318  	0.03014  	-0.0230  	-0.0794  	-0.0258  	-0.0309  	-0.0263  	0.01988  	-0.0036  	-0.0059  	0.09752  	0.00207  	0.03306  	-0.0424  	0.05136  	-0.0041  	-0.0208  	0.51240  	1.05715  	129.237  	107.608  	
-0.5672  	0.10354  	0.10080  	-1.2028  	-0.7970  	-1.1017  	0.10089  	-0.5997  	0.09057  	0.46671  	0.12268  	0.13993  	0.04712  	-0.2171  	-0.8077  	1.09932  	0.33134  	0.31360  	0.55064  	0.57341  	-0.7191  	-0.3145  	-0.2497  	0.07749  	0.16512  	0.12154  	-0.4240  	0.08375  	-0.1078  	0.02944  	0.11700  	0.18523  	-0.2523  	0.04309  	0.21552  	0.19628  	0.19047  	0.09394  	-0.3854  	0.33548  	0.63845  	0.01184  	-0.0483  	0.34972  	0.04404  	-0.0287  	0.00852  	0.01779  	-0.0132  	0.06962  	0.03030  	-0.0055  	-0.0293  	0.03655  	-0.0176  	-0.0720  	-0.0247  	-0.0277  	-0.0215  	0.02872  	-0.0013  	-0.0023  	0.09845  	-0.0023  	0.03070  	-0.0413  	0.05162  	-0.0032  	-0.0194  	0.50814  	1.05715  	129.237  	107.608  	
-0.7770  	0.08658  	-0.0192  	-1.2857  	-0.8164  	-1.2107  	0.12742  	-0.6469  	0.08903  	0.48651  	0.16292  	0.11836  	0.02757  	-0.2228  	-0.8565  	1.00812  	0.32767  	0.28872  	0.53975  	0.59736  	-0.7373  	-0.3012  	-0.2391  	0.10207  	0.18372  	0.13721  	-0.4339  	0.12986  	-0.0857  	0.03040  	0.10885  	0.16587  	-0.2648  	0.04748  	0.19872  	0.22167  	0.16375  	0.06525  	-0.3794  	0.32346  	0.63686  	0.01244  	-0.0559  	0.33290  	0.05776  	-0.0334  	0.01147  	0.01328  	-0.0168  	0.08028  	0.02597  	-0.0079  	-0.0366  	0.02957  	-0.0184  	-0.0700  	-0.0238  	-0.0258  	-0.0136  	0.02574  	-0.0018  	-0.0043  	0.09468  	-0.0035  	0.02853  	-0.0393  	0.05157  	-0.0022  	-0.0184  	0.51954  	1.05715  	129.237  	107.608  	
-0.8969  	0.06693  	-0.0789  	-1.3511  	-0.8334  	-1.3084  	0.10548  	-0.6770  	0.07023  	0.50385  	0.12637  	0.06787  	0.03245  	-0.2156  	-0.6952  	0.85868  	0.35506  	0.29724  	0.53253  	0.51312  	-0.7044  	-0.3021  	-0.1889  	0.07839  	0.20303  	0.13606  	-0.4171  	0.00834  	-0.0974  	0.04463  	0.12612  	0.14505  	-0.2822  	0.04928  	0.17038  	0.16879  	0.15423  	0.09209  	-0.3809  	0.31105  	0.64461  	0.01132  	-0.0563  	0.34761  	0.05905  	-0.0304  	0.00591  	0.01042  	-0.0374  	0.08536  	0.01896  	-0.0015  	-0.0301  	0.03230  	-0.0226  	-0.0747  	-0.0220  	-0.0222  	-0.0206  	0.02610  	0.00406  	-0.0088  	0.09194  	-0.0024  	0.02784  	-0.0380  	0.05198  	-0.0008  	-0.0173  	0.51632  	1.05715  	129.237  	107.608  	
-0.7803  	0.08081  	0.00275  	-1.3354  	-0.8207  	-1.2472  	0.12883  	-0.6270  	0.11348  	0.44756  	0.07094  	0.07230  	0.06713  	-0.2046  	-0.6919  	0.92933  	0.37091  	0.29623  	0.52510  	0.52284  	-0.7284  	-0.2827  	-0.1388  	0.07656  	0.14676  	0.15192  	-0.4472  	0.07026  	-0.0367  	0.04071  	0.13129  	0.14430  	-0.2659  	0.05095  	0.12761  	0.15935  	0.12478  	0.08190  	-0.3792  	0.34951  	0.67439  	-0.0001  	-0.0416  	0.35841  	0.04273  	-0.0366  	0.01161  	0.02820  	-0.0207  	0.07349  	0.01857  	-0.0008  	-0.0358  	0.02841  	-0.0209  	-0.0765  	-0.0279  	-0.0260  	-0.0219  	0.02984  	0.00611  	-0.0032  	0.09734  	0.00016  	0.02788  	-0.0354  	0.05249  	0.00075  	-0.0162  	0.51722  	1.05715  	129.237  	107.608  	
-0.6128  	0.14976  	0.08038  	-1.2007  	-0.7410  	-1.1035  	0.12606  	-0.5623  	0.13316  	0.40177  	-0.0249  	0.11587  	0.08061  	-0.1360  	-0.6055  	0.99238  	0.37921  	0.27857  	0.51986  	0.53910  	-0.6930  	-0.2471  	-0.1607  	0.09264  	0.14359  	0.15793  	-0.4680  	0.05544  	-0.0692  	0.03173  	0.14177  	0.14591  	-0.2452  	0.04396  	0.11670  	0.11368  	0.15124  	0.09323  	-0.3613  	0.35022  	0.68006  	-0.0117  	-0.0379  	0.35302  	0.02485  	-0.0338  	0.00850  	0.02116  	-0.0272  	0.07799  	0.01699  	-0.0002  	-0.0371  	0.01930  	-0.0256  	-0.0783  	-0.0301  	-0.0273  	-0.0246  	0.02273  	0.00012  	-0.0026  	0.09826  	-0.0010  	0.02912  	-0.0338  	0.05302  	0.00196  	-0.0158  	0.52168  	1.05715  	129.237  	107.608  	
-0.2992  	0.20945  	0.19804  	-0.9338  	-0.6587  	-0.9871  	0.14366  	-0.5164  	0.19321  	0.39030  	-0.0811  	0.19607  	0.15859  	-0.0285  	-0.4995  	1.11605  	0.32358  	0.31665  	0.52250  	0.57430  	-0.7036  	-0.2544  	-0.2795  	0.03589  	0.19523  	0.10591  	-0.5055  	0.09213  	-0.0277  	0.04825  	0.08584  	0.17789  	-0.2161  	0.05284  	0.18808  	0.12305  	0.12278  	0.10781  	-0.3199  	0.37284  	0.67913  	-0.0116  	-0.0154  	0.34417  	0.02622  	-0.0296  	-0.0004  	0.04010  	-0.0102  	0.08538  	0.02881  	-0.0011  	-0.0299  	0.02534  	-0.0232  	-0.0616  	-0.0355  	-0.0340  	-0.0218  	0.03011  	0.00350  	-0.0083  	0.08633  	-0.0026  	0.03135  	-0.0317  	0.05400  	0.00292  	-0.0163  	0.52279  	1.05715  	129.237  	107.608  	
-0.2516  	0.21067  	0.17460  	-0.8782  	-0.5885  	-0.9609  	0.18678  	-0.5098  	0.19765  	0.42558  	-0.0641  	0.24704  	0.17938  	0.06176  	-0.4727  	1.12389  	0.29057  	0.31611  	0.52004  	0.59741  	-0.7092  	-0.2849  	-0.3211  	0.05622  	0.25159  	0.09135  	-0.5067  	0.09342  	-0.0339  	0.08339  	0.08065  	0.17025  	-0.2059  	0.05773  	0.22790  	0.11568  	0.11381  	0.10017  	-0.3417  	0.36569  	0.67592  	0.00182  	-0.0170  	0.34286  	0.03101  	-0.0273  	0.01194  	0.03587  	-0.0193  	0.08089  	0.02950  	-0.0090  	-0.0240  	0.03264  	-0.0224  	-0.0649  	-0.0334  	-0.0371  	-0.0252  	0.02765  	0.00048  	-0.0086  	0.08871  	-0.0050  	0.03400  	-0.0303  	0.05537  	0.00315  	-0.0169  	0.52941  	1.05715  	129.237  	107.608  	
-0.6100  	0.11693  	0.00011  	-1.0285  	-0.6339  	-1.1154  	0.17301  	-0.5503  	0.14870  	0.38909  	0.08759  	0.20131  	0.13034  	0.02056  	-0.4867  	0.95735  	0.31175  	0.27824  	0.51869  	0.58264  	-0.6067  	-0.2621  	-0.3132  	0.18038  	0.23196  	0.09293  	-0.3497  	0.03984  	-0.1167  	0.05484  	0.12067  	0.15141  	-0.2271  	0.05491  	0.29096  	0.11657  	0.20528  	0.07679  	-0.4025  	0.36948  	0.55480  	0.01877  	-0.0912  	0.32096  	0.05982  	-0.0340  	0.00094  	0.01912  	-0.0240  	0.09299  	0.02332  	-0.0043  	-0.0357  	0.03543  	-0.0325  	-0.0650  	-0.0258  	-0.0311  	-0.0115  	0.03737  	-0.0021  	-0.0172  	0.09104  	-0.0059  	0.03579  	-0.0283  	0.05682  	0.00345  	-0.0167  	0.51424  	1.05715  	129.237  	107.608  	
-0.7923  	0.07619  	-0.0694  	-1.2863  	-0.7599  	-1.2058  	0.10657  	-0.5901  	0.09394  	0.45837  	0.12706  	0.10583  	0.02159  	-0.2612  	-0.6563  	0.90421  	0.33483  	0.29758  	0.52763  	0.55514  	-0.6662  	-0.2931  	-0.2374  	0.06548  	0.19609  	0.12600  	-0.4123  	0.07328  	-0.0761  	0.03414  	0.11448  	0.15098  	-0.2639  	0.04884  	0.17187  	0.17252  	0.14132  	0.07862  	-0.3634  	0.35406  	0.62446  	0.00117  	-0.0719  	0.34203  	0.05703  	-0.0247  	0.00741  	-0.0015  	-0.0310  	0.08798  	0.02297  	-0.0025  	-0.0311  	0.02712  	-0.0233  	-0.0763  	-0.0235  	-0.0231  	-0.0248  	0.03135  	-0.0031  	-0.0109  	0.08817  	-0.0001  	0.03770  	-0.0286  	0.05781  	0.00335  	-0.0164  	0.50078  	1.05715  	129.237  	107.608  	
-0.7276  	0.06140  	0.00425  	-1.2735  	-0.8447  	-1.2027  	0.12843  	-0.6479  	0.09483  	0.46073  	0.11078  	0.08097  	0.01262  	-0.3276  	-0.8341  	0.98980  	0.35059  	0.33004  	0.53206  	0.57087  	-0.7464  	-0.3091  	-0.1843  	0.05156  	0.15642  	0.13932  	-0.4753  	0.12330  	-0.0402  	0.03764  	0.13320  	0.15014  	-0.2884  	0.04757  	0.10765  	0.20707  	0.12942  	0.07166  	-0.3740  	0.33687  	0.67601  	-0.0033  	-0.0339  	0.37192  	0.04965  	-0.0420  	0.01520  	0.02264  	-0.0161  	0.08839  	0.02871  	0.00272  	-0.0339  	0.03013  	-0.0147  	-0.0724  	-0.0243  	-0.0206  	-0.0205  	0.02256  	-0.0008  	-0.0036  	0.09947  	0.00074  	0.03774  	-0.0297  	0.05772  	0.00277  	-0.0169  	0.50618  	1.05715  	129.237  	107.608  	
-0.7564  	0.07707  	-0.0161  	-1.2622  	-0.7929  	-1.1877  	0.14766  	-0.6574  	0.08597  	0.47167  	0.12149  	0.11078  	0.02312  	-0.3677  	-0.8237  	1.02523  	0.33229  	0.36580  	0.52504  	0.62926  	-0.7969  	-0.3003  	-0.2284  	0.02720  	0.16347  	0.12920  	-0.5341  	0.19565  	0.02219  	0.04104  	0.13775  	0.13624  	-0.2818  	0.06147  	0.09023  	0.21462  	0.08954  	0.06622  	-0.3300  	0.33566  	0.68433  	-0.0023  	-0.0270  	0.36848  	0.04272  	-0.0382  	0.01225  	0.02006  	-0.0167  	0.08612  	0.02668  	0.00241  	-0.0348  	0.03007  	-0.0166  	-0.0734  	-0.0238  	-0.0210  	-0.0220  	0.02336  	0.00545  	-0.0001  	0.09665  	-0.0009  	0.03633  	-0.0326  	0.05749  	0.00183  	-0.0182  	0.51246  	1.05715  	129.237  	107.608  	
-0.8383  	0.07162  	-0.0483  	-1.2949  	-0.7909  	-1.2821  	0.13558  	-0.6541  	0.10083  	0.51001  	0.12186  	0.10633  	0.02076  	-0.3381  	-0.7990  	0.98012  	0.33234  	0.36655  	0.52912  	0.60381  	-0.7846  	-0.3073  	-0.2451  	0.02601  	0.16023  	0.13505  	-0.5127  	0.17399  	-0.0033  	0.02789  	0.12784  	0.13281  	-0.2757  	0.06569  	0.10542  	0.20255  	0.09089  	0.07734  	-0.3531  	0.32678  	0.68228  	0.00065  	-0.0409  	0.35690  	0.04955  	-0.0348  	0.00981  	0.01876  	-0.0167  	0.07811  	0.02529  	-0.0006  	-0.0320  	0.03400  	-0.0174  	-0.0709  	-0.0227  	-0.0250  	-0.0183  	0.02618  	0.00395  	-0.0034  	0.09534  	0.00121  	0.03439  	-0.0350  	0.05694  	0.00111  	-0.0186  	0.51451  	1.05715  	129.237  	107.608  	
-0.8274  	0.08326  	0.01557  	-1.3913  	-0.8523  	-1.3145  	0.10937  	-0.6252  	0.10319  	0.47799  	0.11549  	0.04367  	0.02485  	-0.2537  	-0.7845  	0.92987  	0.37197  	0.29176  	0.54492  	0.52370  	-0.7239  	-0.2789  	-0.1455  	0.07251  	0.14568  	0.15783  	-0.4363  	0.04826  	-0.0663  	0.02636  	0.14664  	0.14928  	-0.2600  	0.04996  	0.12310  	0.15179  	0.14722  	0.08453  	-0.3732  	0.32454  	0.69117  	-0.0084  	-0.0488  	0.36265  	0.04748  	-0.0327  	0.01064  	0.02434  	-0.0224  	0.08068  	0.02070  	-0.0011  	-0.0349  	0.03085  	-0.0242  	-0.0737  	-0.0263  	-0.0240  	-0.0241  	0.02757  	0.00440  	-0.0047  	0.09539  	-0.0021  	0.03398  	-0.0381  	0.05604  	0.00018  	-0.0188  	0.51665  	1.05715  	129.237  	107.608  	
-0.5971  	0.09691  	0.04682  	-1.1765  	-0.7532  	-1.1166  	0.08790  	-0.6102  	0.10905  	0.40706  	0.05511  	0.12624  	0.03555  	-0.2798  	-0.6951  	1.00457  	0.36710  	0.29565  	0.52958  	0.54248  	-0.6829  	-0.3037  	-0.1810  	0.09959  	0.15603  	0.14138  	-0.4227  	0.07913  	-0.0818  	0.03960  	0.10473  	0.16327  	-0.2533  	0.04134  	0.18152  	0.15589  	0.17627  	0.08556  	-0.4063  	0.34751  	0.64736  	0.00180  	-0.0543  	0.35850  	0.04240  	-0.0330  	0.01368  	0.00968  	-0.0270  	0.07888  	0.01891  	-0.0038  	-0.0325  	0.02707  	-0.0237  	-0.0744  	-0.0206  	-0.0218  	-0.0221  	0.01900  	-0.0036  	-0.0041  	0.09917  	-0.0030  	0.03375  	-0.0407  	0.05494  	-0.0007  	-0.0196  	0.53099  	1.05715  	129.237  	107.608  	
-0.5388  	0.13922  	0.10102  	-1.1087  	-0.7072  	-1.0558  	0.10200  	-0.5658  	0.12076  	0.50003  	0.08146  	0.20741  	0.04321  	-0.2092  	-0.7241  	1.11286  	0.32908  	0.31563  	0.51907  	0.57850  	-0.7321  	-0.2974  	-0.2594  	0.06097  	0.14035  	0.12441  	-0.4763  	0.11546  	-0.0206  	0.03220  	0.11382  	0.16540  	-0.2511  	0.03839  	0.15948  	0.19042  	0.14823  	0.07109  	-0.3655  	0.37586  	0.66020  	-0.0178  	-0.0292  	0.36221  	0.03304  	-0.0333  	0.01026  	0.02710  	-0.0133  	0.06521  	0.02576  	-0.0110  	-0.0300  	0.02437  	-0.0155  	-0.0721  	-0.0229  	-0.0322  	-0.0210  	0.02670  	-0.0022  	-0.0106  	0.09444  	0.00620  	0.03399  	-0.0443  	0.05385  	-0.0015  	-0.0205  	0.54143  	1.05715  	129.237  	107.608  	
-0.5498  	0.08304  	0.12116  	-1.1439  	-0.7618  	-1.1191  	0.09817  	-0.5955  	0.09336  	0.49220  	0.09307  	0.14936  	0.04555  	-0.2840  	-0.7821  	1.14062  	0.32016  	0.32457  	0.54029  	0.58464  	-0.7822  	-0.3123  	-0.3136  	0.06529  	0.24324  	0.11907  	-0.4686  	0.12123  	-0.0489  	0.04649  	0.10540  	0.19122  	-0.2670  	0.03957  	0.19345  	0.21301  	0.13488  	0.09041  	-0.3786  	0.35134  	0.65674  	0.00591  	-0.0237  	0.35305  	0.03804  	-0.0335  	0.01238  	0.02211  	-0.0133  	0.06957  	0.03374  	-0.0080  	-0.0270  	0.03143  	-0.0162  	-0.0748  	-0.0217  	-0.0288  	-0.0215  	0.02802  	-0.0046  	-0.0184  	0.09822  	-0.0012  	0.03410  	-0.0458  	0.05231  	-0.0020  	-0.0213  	0.54590  	1.05715  	129.237  	107.608  	
-0.7334  	0.08862  	-0.0148  	-1.2246  	-0.7963  	-1.1908  	0.13194  	-0.6264  	0.09174  	0.45324  	0.10546  	0.08741  	0.02462  	-0.2737  	-0.7522  	1.04593  	0.34330  	0.27664  	0.53831  	0.56066  	-0.7226  	-0.2967  	-0.2574  	0.12065  	0.24425  	0.12637  	-0.3716  	0.06949  	-0.0756  	0.05765  	0.10426  	0.17018  	-0.2760  	0.04000  	0.21767  	0.23353  	0.16698  	0.08618  	-0.3956  	0.33194  	0.63608  	0.01870  	-0.0541  	0.34200  	0.04728  	-0.0309  	0.01428  	0.00223  	-0.0226  	0.08287  	0.02424  	-0.0020  	-0.0320  	0.02597  	-0.0172  	-0.0761  	-0.0228  	-0.0204  	-0.0190  	0.02527  	-0.0034  	-0.0114  	0.10453  	0.00035  	0.03411  	-0.0475  	0.05096  	-0.0024  	-0.0215  	0.53839  	1.05715  	129.237  	107.608  	
-0.7215  	0.10651  	-0.0015  	-1.3289  	-0.8489  	-1.2599  	0.08499  	-0.6512  	0.08501  	0.38569  	0.13785  	0.01670  	-0.0405  	-0.2880  	-0.6920  	0.94936  	0.37631  	0.27522  	0.55189  	0.44340  	-0.6323  	-0.2797  	-0.1065  	0.11383  	0.14240  	0.15101  	-0.3940  	-0.0104  	-0.1579  	0.03611  	0.11818  	0.18137  	-0.2914  	0.04099  	0.18288  	0.14247  	0.21930  	0.11527  	-0.4341  	0.29926  	0.66746  	0.01538  	-0.0614  	0.35669  	0.04078  	-0.0325  	0.00955  	0.00928  	-0.0338  	0.08676  	0.01713  	-0.0027  	-0.0292  	0.03805  	-0.0238  	-0.0700  	-0.0246  	-0.0246  	-0.0185  	0.02334  	0.00036  	-0.0065  	0.08889  	-0.0026  	0.03401  	-0.0477  	0.05030  	-0.0028  	-0.0219  	0.53205  	1.05715  	129.237  	107.608  	
-0.6371  	0.10605  	0.03180  	-1.2251  	-0.7712  	-1.1364  	0.07127  	-0.6120  	0.09036  	0.41603  	0.09307  	0.13470  	0.02289  	-0.2841  	-0.7255  	1.00390  	0.34671  	0.26975  	0.52534  	0.51129  	-0.6859  	-0.2920  	-0.1238  	0.10895  	0.12618  	0.15676  	-0.4321  	0.05674  	-0.0843  	0.02716  	0.10931  	0.15136  	-0.2593  	0.04114  	0.17947  	0.16052  	0.19206  	0.08875  	-0.4189  	0.33671  	0.64973  	0.00927  	-0.0532  	0.36623  	0.04753  	-0.0323  	0.01842  	0.01019  	-0.0240  	0.08060  	0.01670  	-0.0083  	-0.0326  	0.02454  	-0.0236  	-0.0811  	-0.0219  	-0.0229  	-0.0243  	0.01533  	-0.0019  	-0.0079  	0.10228  	-0.0006  	0.03326  	-0.0480  	0.04994  	-0.0031  	-0.0225  	0.53442  	1.05715  	129.237  	107.608  	
-0.5382  	0.10945  	0.15863  	-1.1934  	-0.7796  	-1.0603  	0.06048  	-0.5685  	0.11388  	0.49495  	0.11949  	0.18243  	0.03387  	-0.2646  	-0.8368  	1.14902  	0.34587  	0.32330  	0.55381  	0.56474  	-0.7008  	-0.3343  	-0.2379  	0.06723  	0.17024  	0.13404  	-0.4621  	0.07097  	-0.1033  	0.02886  	0.12661  	0.17885  	-0.2544  	0.03778  	0.19215  	0.17715  	0.17731  	0.09751  	-0.3888  	0.33685  	0.65126  	0.00029  	-0.0237  	0.35857  	0.03392  	-0.0284  	0.00578  	0.02665  	-0.0163  	0.06963  	0.03039  	-0.0056  	-0.0295  	0.03059  	-0.0162  	-0.0711  	-0.0237  	-0.0332  	-0.0219  	0.02357  	0.00022  	-0.0130  	0.09443  	0.00465  	0.03055  	-0.0475  	0.04975  	-0.0032  	-0.0223  	0.52772  	1.05715  	129.237  	107.608  	
-0.5940  	0.08016  	0.05241  	-1.1349  	-0.7570  	-1.0896  	0.07268  	-0.6253  	0.08660  	0.47744  	0.10415  	0.14457  	0.02690  	-0.3111  	-0.7645  	1.12332  	0.34441  	0.29528  	0.55815  	0.58049  	-0.7275  	-0.3026  	-0.2718  	0.09640  	0.24272  	0.11062  	-0.4310  	0.10554  	-0.0676  	0.04316  	0.10542  	0.19093  	-0.2955  	0.03641  	0.17638  	0.21699  	0.15679  	0.09076  	-0.3870  	0.36584  	0.63303  	-0.0028  	-0.0328  	0.34976  	0.04181  	-0.0269  	0.01036  	0.01121  	-0.0196  	0.08028  	0.03216  	-0.0063  	-0.0294  	0.03148  	-0.0189  	-0.0699  	-0.0236  	-0.0294  	-0.0187  	0.03527  	0.00157  	-0.0183  	0.10018  	0.00235  	0.02787  	-0.0484  	0.04970  	-0.0032  	-0.0216  	0.51501  	1.05715  	129.237  	107.608  	
-0.7608  	0.08071  	-0.0250  	-1.2501  	-0.8242  	-1.1888  	0.08675  	-0.6774  	0.09012  	0.43719  	0.10545  	0.11156  	-0.0033  	-0.3354  	-0.7340  	1.03501  	0.40091  	0.26223  	0.53294  	0.51138  	-0.6977  	-0.3154  	-0.1733  	0.12635  	0.19462  	0.14443  	-0.3731  	0.03292  	-0.1437  	0.03665  	0.09651  	0.17260  	-0.2833  	0.03590  	0.19634  	0.20953  	0.18538  	0.10082  	-0.4229  	0.31189  	0.64091  	0.02208  	-0.0581  	0.34023  	0.04472  	-0.0224  	0.01609  	-0.0018  	-0.0301  	0.10792  	0.02422  	-0.0048  	-0.0275  	0.03995  	-0.0162  	-0.0739  	-0.0252  	-0.0218  	-0.0126  	0.02754  	-0.0107  	0.00252  	0.09438  	-0.0031  	0.02428  	-0.0490  	0.04969  	-0.0036  	-0.0213  	0.51570  	1.05715  	129.237  	107.608  	
-0.6187  	0.06046  	-0.0162  	-1.1229  	-0.6829  	-1.0786  	0.08537  	-0.5986  	0.08626  	0.37643  	-0.0072  	0.14673  	0.04215  	-0.2258  	-0.5544  	1.00751  	0.35121  	0.30655  	0.53360  	0.55205  	-0.7208  	-0.2977  	-0.2069  	0.09296  	0.21422  	0.12981  	-0.4305  	0.12370  	-0.0513  	0.05357  	0.12353  	0.16265  	-0.2804  	0.05084  	0.16717  	0.17489  	0.13031  	0.07696  	-0.3770  	0.34194  	0.63769  	0.01539  	-0.0736  	0.34022  	0.04858  	-0.0307  	0.01063  	0.02094  	-0.0287  	0.08507  	0.02645  	-0.0009  	-0.0247  	0.02154  	-0.0238  	-0.0761  	-0.0173  	-0.0279  	-0.0202  	0.02662  	-0.0001  	-0.0151  	0.09386  	0.00467  	0.02141  	-0.0503  	0.05004  	-0.0038  	-0.0212  	0.51036  	1.05715  	129.237  	107.608  	
-0.5109  	0.12378  	0.07731  	-0.7945  	-0.4774  	-1.0094  	0.08981  	-0.5370  	0.11861  	0.32027  	-0.1023  	0.29613  	0.08641  	-0.0737  	-0.3936  	1.04207  	0.32193  	0.30370  	0.52581  	0.63878  	-0.7327  	-0.2606  	-0.3329  	0.12416  	0.18408  	0.12424  	-0.4440  	0.19226  	-0.0265  	0.07373  	0.09044  	0.14381  	-0.2326  	0.07783  	0.22880  	0.15015  	0.10822  	0.06790  	-0.3480  	0.36300  	0.57523  	0.02486  	-0.0614  	0.34712  	0.04894  	-0.0316  	0.01050  	0.02374  	-0.0236  	0.07756  	0.03100  	-0.0070  	-0.0287  	0.03239  	-0.0281  	-0.0724  	-0.0210  	-0.0212  	-0.0169  	0.03307  	-0.0083  	-0.0132  	0.08947  	-0.0012  	0.01918  	-0.0502  	0.05056  	-0.0038  	-0.0207  	0.50257  	1.05715  	129.237  	107.608  	
-0.2924  	0.22609  	0.04633  	-0.5193  	-0.3032  	-0.8761  	0.17672  	-0.5023  	0.16466  	0.31661  	-0.3517  	0.33099  	0.20681  	0.10628  	-0.1683  	1.07341  	0.32907  	0.30677  	0.48717  	0.64356  	-0.8180  	-0.2573  	-0.3882  	0.04604  	0.22611  	0.10516  	-0.4846  	0.27530  	0.05047  	0.14754  	0.09459  	0.13777  	-0.2171  	0.09304  	0.20231  	0.11261  	-0.0033  	0.04756  	-0.2685  	0.41643  	0.57499  	0.00876  	-0.0424  	0.33391  	0.03780  	-0.0288  	0.00359  	0.04233  	-0.0064  	0.07194  	0.02722  	-0.0041  	-0.0391  	0.01975  	-0.0311  	-0.0660  	-0.0215  	-0.0286  	-0.0273  	0.01824  	-0.0057  	-0.0097  	0.09099  	-0.0007  	0.01887  	-0.0511  	0.05073  	-0.0041  	-0.0204  	0.50256  	1.05715  	129.237  	107.608  	
-0.3500  	0.18295  	0.04957  	-0.5807  	-0.4012  	-0.8536  	0.15396  	-0.5283  	0.13394  	0.27788  	-0.3171  	0.25706  	0.18847  	0.05867  	-0.1471  	1.03731  	0.37758  	0.25987  	0.51705  	0.54432  	-0.7251  	-0.2376  	-0.3099  	0.07676  	0.28742  	0.09997  	-0.3989  	0.15870  	0.00911  	0.15905  	0.08844  	0.14449  	-0.2368  	0.07267  	0.22800  	0.10318  	0.10880  	0.08125  	-0.3321  	0.36656  	0.55910  	0.01533  	-0.0658  	0.33458  	0.04424  	-0.0273  	0.00253  	0.03327  	-0.0143  	0.08265  	0.02211  	-0.0092  	-0.0384  	0.02469  	-0.0257  	-0.0681  	-0.0124  	-0.0280  	-0.0222  	0.02247  	-0.0013  	-0.0152  	0.09604  	0.00091  	0.02024  	-0.0512  	0.05076  	-0.0042  	-0.0214  	0.51275  	1.05715  	129.237  	107.608  	
-0.4021  	0.19591  	0.11719  	-0.8561  	-0.5455  	-0.9110  	0.13958  	-0.5224  	0.12857  	0.32022  	-0.1832  	0.18771  	0.12217  	-0.0862  	-0.3709  	1.04918  	0.35007  	0.28204  	0.53989  	0.56777  	-0.7044  	-0.2216  	-0.2904  	0.07655  	0.27730  	0.10940  	-0.3754  	0.09177  	-0.0263  	0.10633  	0.06593  	0.15167  	-0.2295  	0.07409  	0.21676  	0.14407  	0.13305  	0.09819  	-0.3603  	0.37169  	0.60734  	0.01245  	-0.0564  	0.37057  	0.02736  	-0.0327  	0.00279  	0.02876  	-0.0105  	0.07320  	0.03040  	-0.0039  	-0.0332  	0.02766  	-0.0263  	-0.0585  	-0.0213  	-0.0279  	-0.0169  	0.02882  	-0.0038  	-0.0148  	0.08404  	-0.0071  	0.02317  	-0.0509  	0.05078  	-0.0045  	-0.0225  	0.52274  	1.05715  	129.237  	107.608  	
-0.6943  	0.08266  	0.00948  	-1.2380  	-0.7875  	-1.1225  	0.14478  	-0.6267  	0.10763  	0.42715  	0.06617  	0.03013  	0.02612  	-0.2975  	-0.7008  	0.97605  	0.34318  	0.32484  	0.52828  	0.57626  	-0.7105  	-0.2832  	-0.2457  	0.06750  	0.22821  	0.12460  	-0.4262  	0.09620  	-0.0329  	0.03730  	0.10522  	0.15587  	-0.2776  	0.04981  	0.12712  	0.19770  	0.13808  	0.08698  	-0.3446  	0.34733  	0.66833  	0.00279  	-0.0462  	0.35334  	0.04325  	-0.0281  	0.00856  	0.01514  	-0.0267  	0.07976  	0.02818  	-0.0019  	-0.0254  	0.03042  	-0.0233  	-0.0719  	-0.0200  	-0.0220  	-0.0216  	0.03258  	-8.1755  	-0.0142  	0.09260  	0.00644  	0.02629  	-0.0479  	0.05079  	-0.0045  	-0.0230  	0.51385  	1.05715  	129.237  	107.608  	
-0.7872  	0.05981  	-0.0479  	-1.3311  	-0.8380  	-1.2117  	0.12085  	-0.6846  	0.10623  	0.44299  	0.08956  	0.01688  	-0.0045  	-0.3875  	-0.7461  	0.95350  	0.37163  	0.29689  	0.54374  	0.52006  	-0.7446  	-0.2842  	-0.1503  	0.02910  	0.19433  	0.15550  	-0.4479  	0.08633  	-0.0408  	0.04473  	0.14278  	0.15063  	-0.2831  	0.05814  	0.08104  	0.18162  	0.13678  	0.08951  	-0.3668  	0.33226  	0.69821  	-0.0009  	-0.0261  	0.36611  	0.04457  	-0.0297  	0.00627  	0.01738  	-0.0259  	0.07832  	0.01883  	0.00360  	-0.0354  	0.03374  	-0.0230  	-0.0695  	-0.0299  	-0.0276  	-0.0207  	0.02718  	0.00443  	-0.0109  	0.09301  	0.00302  	0.02947  	-0.0452  	0.05140  	-0.0045  	-0.0227  	0.49365  	1.05715  	129.237  	107.608  	
-0.6753  	0.08634  	-0.0045  	-1.2528  	-0.7992  	-1.1576  	0.10330  	-0.6336  	0.10383  	0.39665  	0.08266  	0.09416  	-0.0076  	-0.3335  	-0.7226  	0.99081  	0.36881  	0.27346  	0.52540  	0.51996  	-0.6900  	-0.2868  	-0.1324  	0.10512  	0.15835  	0.15147  	-0.4175  	0.07872  	-0.0662  	0.03595  	0.13590  	0.15437  	-0.2677  	0.03956  	0.14868  	0.17358  	0.18120  	0.08695  	-0.4104  	0.32896  	0.67063  	-0.0046  	-0.0472  	0.37606  	0.04377  	-0.0291  	0.01395  	0.00398  	-0.0264  	0.08115  	0.01727  	-0.0054  	-0.0285  	0.02736  	-0.0223  	-0.0797  	-0.0260  	-0.0191  	-0.0256  	0.02062  	-0.0028  	-0.0047  	0.10119  	0.00165  	0.03127  	-0.0418  	0.05185  	-0.0042  	-0.0229  	0.49110  	1.05715  	129.237  	107.608  	
-0.5716  	0.12930  	0.08857  	-1.1784  	-0.7665  	-1.0898  	0.09892  	-0.5849  	0.11293  	0.45583  	0.08910  	0.15611  	0.04303  	-0.2381  	-0.7544  	1.08197  	0.33166  	0.30932  	0.51930  	0.56165  	-0.7230  	-0.2997  	-0.2005  	0.05908  	0.11616  	0.12910  	-0.4690  	0.08973  	-0.0481  	0.02171  	0.12437  	0.15935  	-0.2408  	0.04000  	0.17711  	0.18712  	0.18266  	0.09409  	-0.3818  	0.36040  	0.67707  	-0.0105  	-0.0384  	0.37014  	0.03231  	-0.0311  	0.00968  	0.02132  	-0.0137  	0.06590  	0.02290  	-0.0060  	-0.0284  	0.03004  	-0.0158  	-0.0701  	-0.0296  	-0.0324  	-0.0246  	0.02689  	3.19252  	-0.0073  	0.09534  	0.00638  	0.02985  	-0.0402  	0.05269  	-0.0040  	-0.0235  	0.50553  	1.05715  	129.237  	107.608  	
-0.6857  	0.06800  	0.05350  	-1.2695  	-0.8528  	-1.1677  	0.09722  	-0.6541  	0.06273  	0.50021  	0.09860  	0.12409  	0.06705  	-0.2249  	-0.8826  	1.04980  	0.33025  	0.30118  	0.51504  	0.59717  	-0.8023  	-0.3266  	-0.2562  	0.06280  	0.15931  	0.14895  	-0.4576  	0.10047  	-0.0685  	0.00965  	0.14076  	0.18644  	-0.2409  	0.04659  	0.17832  	0.21083  	0.13741  	0.08817  	-0.3537  	0.34846  	0.67498  	0.01368  	-0.0143  	0.36524  	0.05467  	-0.0319  	0.01835  	0.02708  	-0.0084  	0.07389  	0.02841  	-0.0055  	-0.0286  	0.03413  	-0.0174  	-0.0771  	-0.0291  	-0.0327  	-0.0265  	0.02610  	-0.0020  	-0.0073  	0.10354  	0.00065  	0.02642  	-0.0387  	0.05341  	-0.0034  	-0.0227  	0.50986  	1.05715  	129.237  	107.608  	
-0.7985  	0.06278  	-0.0466  	-1.2615  	-0.8310  	-1.2878  	0.15412  	-0.6457  	0.07127  	0.48536  	0.16254  	0.11532  	0.02220  	-0.1810  	-0.7390  	0.95394  	0.33516  	0.29335  	0.52769  	0.57433  	-0.7053  	-0.2653  	-0.1987  	0.11819  	0.18151  	0.12886  	-0.4309  	0.05589  	-0.1109  	0.05511  	0.10463  	0.17158  	-0.2992  	0.04571  	0.20217  	0.20408  	0.14199  	0.07790  	-0.3885  	0.31001  	0.63330  	0.01039  	-0.0517  	0.34522  	0.05895  	-0.0375  	0.01543  	0.02901  	-0.0191  	0.08992  	0.03712  	-0.0031  	-0.0305  	0.03272  	-0.0071  	-0.0711  	-0.0169  	-0.0158  	-0.0189  	0.02510  	-0.0002  	-0.0088  	0.09408  	-0.0020  	0.02403  	-0.0383  	0.05398  	-0.0025  	-0.0212  	0.50646  	1.05715  	129.237  	107.608  	
-0.8236  	0.05518  	-0.1064  	-1.2835  	-0.7895  	-1.3430  	0.10165  	-0.6481  	0.06144  	0.51932  	0.12480  	0.10466  	0.08794  	-0.1358  	-0.6734  	0.88561  	0.33503  	0.30078  	0.51753  	0.53324  	-0.7055  	-0.2899  	-0.1663  	0.11581  	0.14915  	0.13016  	-0.4250  	-0.0003  	-0.1300  	0.05725  	0.12594  	0.15801  	-0.2716  	0.04845  	0.20690  	0.15572  	0.13555  	0.07300  	-0.4148  	0.31683  	0.62368  	0.01144  	-0.0648  	0.33722  	0.05875  	-0.0274  	0.00932  	0.02638  	-0.0320  	0.08010  	0.01981  	-0.0047  	-0.0366  	0.02813  	-0.0202  	-0.0733  	-0.0249  	-0.0229  	-0.0209  	0.02210  	0.00625  	-0.0089  	0.08299  	-0.0117  	0.02233  	-0.0370  	0.05413  	-0.0016  	-0.0198  	0.51829  	1.05715  	129.237  	107.608  	
-0.6195  	0.12430  	0.03046  	-1.1760  	-0.7195  	-1.1753  	0.11630  	-0.5635  	0.09352  	0.41561  	0.01631  	0.11465  	0.09075  	-0.0784  	-0.5416  	0.97763  	0.36310  	0.25454  	0.51068  	0.50509  	-0.7141  	-0.2487  	-0.1473  	0.12159  	0.14163  	0.12632  	-0.4264  	0.03592  	-0.0665  	0.02998  	0.10448  	0.14405  	-0.2575  	0.05041  	0.19024  	0.13712  	0.15139  	0.10004  	-0.3901  	0.34306  	0.64242  	-0.0162  	-0.0450  	0.36316  	0.02679  	-0.0271  	0.01716  	0.02620  	-0.0286  	0.07153  	0.01148  	0.00055  	-0.0365  	0.02630  	-0.0209  	-0.0814  	-0.0311  	-0.0294  	-0.0174  	0.02382  	0.00573  	-0.0101  	0.08618  	-0.0067  	0.02235  	-0.0363  	0.05441  	-0.0004  	-0.0183  	0.51291  	1.05715  	129.237  	107.608  	
-0.1440  	0.20969  	0.25066  	-0.8320  	-0.6653  	-0.8230  	0.19264  	-0.4024  	0.17000  	0.29831  	-0.1947  	0.11558  	0.25957  	0.19983  	-0.2178  	1.02444  	0.35426  	0.21327  	0.47278  	0.48253  	-0.5965  	-0.1953  	-0.2113  	0.14235  	0.19882  	0.11820  	-0.3226  	-0.0901  	-0.1330  	0.07487  	0.13098  	0.19030  	-0.2141  	0.04282  	0.27133  	0.05143  	0.21975  	0.12551  	-0.3612  	0.33026  	0.61989  	-0.0035  	-0.0285  	0.35872  	0.03701  	-0.0286  	-0.0042  	0.04156  	-0.0096  	0.08526  	0.01348  	-5.5048  	-0.0256  	0.02510  	-0.0223  	-0.0620  	-0.0421  	-0.0340  	-0.0237  	0.02400  	0.00293  	0.00503  	0.08665  	-0.0099  	0.02380  	-0.0341  	0.05445  	0.00106  	-0.0169  	0.50915  	1.05715  	129.237  	107.608  	
-0.0243  	0.26454  	0.35195  	-0.6922  	-0.5681  	-0.7540  	0.20549  	-0.3682  	0.18622  	0.32075  	-0.3064  	0.04493  	0.27379  	0.27985  	-0.1218  	1.01153  	0.32324  	0.17692  	0.50440  	0.45183  	-0.5681  	-0.1615  	-0.2652  	0.15583  	0.29164  	0.08506  	-0.2675  	-0.1409  	-0.1159  	0.10164  	0.08545  	0.18067  	-0.2370  	0.04809  	0.30851  	0.05008  	0.21751  	0.11375  	-0.3533  	0.36333  	0.57191  	0.01611  	-0.0301  	0.37089  	0.02528  	-0.0295  	-0.0067  	0.06192  	-0.0040  	0.07790  	0.02691  	0.00054  	-0.0235  	0.02400  	-0.0239  	-0.0513  	-0.0417  	-0.0380  	-0.0309  	0.03272  	0.00501  	0.00231  	0.08589  	0.00096  	0.02684  	-0.0324  	0.05419  	0.00226  	-0.0161  	0.50958  	1.05715  	129.237  	107.608  	
-0.0941  	0.23414  	0.22600  	-0.7427  	-0.5296  	-0.8702  	0.19481  	-0.4065  	0.18692  	0.34948  	-0.1608  	0.03134  	0.22515  	0.14383  	-0.1775  	1.03526  	0.33667  	0.14217  	0.51367  	0.48937  	-0.5113  	-0.1621  	-0.2821  	0.22140  	0.38903  	0.05580  	-0.1766  	-0.1449  	-0.1675  	0.12877  	0.03637  	0.20840  	-0.2827  	0.03612  	0.37636  	0.09152  	0.25903  	0.11741  	-0.3855  	0.35742  	0.53728  	0.03939  	-0.0659  	0.35661  	0.03603  	-0.0312  	-0.0067  	0.05181  	0.00315  	0.06931  	0.02646  	0.00389  	-0.0327  	0.02987  	-0.0201  	-0.0601  	-0.0379  	-0.0326  	-0.0152  	0.03120  	-0.0007  	-0.0131  	0.08965  	-0.0107  	0.03153  	-0.0298  	0.05456  	0.00324  	-0.0162  	0.50643  	1.05715  	129.237  	107.608  	
-0.1778  	0.21662  	0.16371  	-0.6141  	-0.4786  	-0.8052  	0.13196  	-0.4702  	0.14993  	0.24869  	-0.1983  	0.20504  	0.17183  	0.07814  	-0.1236  	1.05974  	0.36853  	0.14017  	0.52029  	0.45179  	-0.5526  	-0.1967  	-0.2304  	0.20990  	0.24192  	0.08993  	-0.2346  	-0.1121  	-0.1913  	0.11698  	0.07291  	0.20682  	-0.2652  	0.05064  	0.32049  	0.04536  	0.24284  	0.12562  	-0.4145  	0.35386  	0.54115  	0.02638  	-0.0666  	0.34823  	0.03920  	-0.0299  	-0.0050  	0.03252  	-0.0054  	0.06347  	0.01956  	-0.0009  	-0.0335  	0.02424  	-0.0298  	-0.0576  	-0.0246  	-0.0280  	-0.0200  	0.02840  	0.00266  	-0.0115  	0.09392  	-0.0040  	0.03666  	-0.0275  	0.05531  	0.00349  	-0.0166  	0.50961  	1.05715  	129.237  	107.608  	
-0.1320  	0.23461  	0.17187  	-0.6483  	-0.4870  	-0.8385  	0.14348  	-0.4498  	0.17999  	0.25771  	-0.2658  	0.15417  	0.24883  	0.21953  	0.01304  	0.99254  	0.35181  	0.15480  	0.50105  	0.46943  	-0.5625  	-0.1772  	-0.2704  	0.19562  	0.23339  	0.08582  	-0.2403  	-0.1194  	-0.1803  	0.10510  	0.07752  	0.19363  	-0.2334  	0.05640  	0.36530  	0.03940  	0.24463  	0.11108  	-0.4058  	0.36140  	0.54680  	0.03241  	-0.0783  	0.34427  	0.03413  	-0.0279  	0.00183  	0.03388  	-0.0083  	0.06746  	0.01871  	0.00287  	-0.0339  	0.02789  	-0.0243  	-0.0500  	-0.0317  	-0.0356  	-0.0227  	0.02742  	0.00573  	-0.0001  	0.08477  	-0.0060  	0.04070  	-0.0242  	0.05614  	0.00379  	-0.0163  	0.48980  	1.05715  	129.237  	107.608  	
-0.0447  	0.25789  	0.26662  	-0.6705  	-0.5355  	-0.7449  	0.18864  	-0.3811  	0.18540  	0.23993  	-0.2095  	0.10595  	0.23395  	0.26385  	-0.0326  	1.03640  	0.33240  	0.17858  	0.51042  	0.46115  	-0.5044  	-0.1755  	-0.2363  	0.17759  	0.27341  	0.07793  	-0.2457  	-0.1446  	-0.1716  	0.09539  	0.07188  	0.19243  	-0.2258  	0.04714  	0.36450  	0.03799  	0.25851  	0.11887  	-0.4062  	0.34414  	0.54364  	0.02693  	-0.0561  	0.35167  	0.03965  	-0.0315  	0.00134  	0.04738  	-0.0061  	0.07883  	0.01690  	0.00176  	-0.0290  	0.02627  	-0.0234  	-0.0494  	-0.0313  	-0.0358  	-0.0309  	0.03295  	0.00144  	-0.0059  	0.08121  	-0.0066  	0.04444  	-0.0230  	0.05674  	0.00370  	-0.0160  	0.46986  	1.05715  	129.237  	107.608  	
-0.0874  	0.24672  	0.24411  	-0.5965  	-0.5203  	-0.7671  	0.17831  	-0.3179  	0.17441  	0.26290  	-0.2733  	0.16198  	0.31241  	0.20664  	-0.0477  	0.95376  	0.41986  	0.03341  	0.60589  	0.22867  	-0.5456  	-0.4097  	-0.5238  	0.11427  	0.22181  	0.18321  	-0.2920  	-0.1716  	0.01186  	0.08794  	0.18989  	0.09800  	-0.3246  	-0.1048  	0.23126  	0.04143  	0.09661  	0.10957  	-0.4777  	0.27686  	0.64276  	0.14951  	-0.1646  	0.44513  	-0.0239  	-0.0112  	-0.0252  	0.08048  	-0.0208  	0.07054  	0.02303  	0.00543  	-0.0312  	0.04642  	-0.0160  	-0.0599  	-0.0366  	-0.0502  	-0.0308  	0.03965  	0.00474  	-0.0111  	0.06792  	-0.0028  	0.04561  	-0.0228  	0.05656  	0.00330  	-0.0165  	0.47329  	1.05715  	129.237  	107.608  	
-0.5410  	0.15978  	0.10638  	-1.1291  	-0.7117  	-1.1197  	0.08921  	-0.4665  	0.08600  	0.40967  	0.00770  	0.14444  	0.20328  	-0.1830  	-0.5007  	0.88565  	0.49920  	0.00757  	0.63685  	0.09695  	-0.6080  	-0.6916  	-0.7607  	0.11448  	0.08974  	0.31519  	-0.4468  	-0.1270  	0.05237  	-0.0124  	0.36213  	0.07732  	-0.4062  	-0.2398  	0.06008  	0.10220  	-0.0269  	0.10101  	-0.5647  	0.23173  	0.78830  	0.23141  	-0.2459  	0.49537  	-0.0760  	0.00682  	-0.0266  	0.06544  	-0.0568  	0.05922  	0.03208  	0.00522  	-0.0302  	0.06537  	-0.0129  	-0.0788  	-0.0379  	-0.0530  	-0.0245  	0.04594  	0.00767  	-0.0057  	0.06373  	-0.0009  	0.04447  	-0.0252  	0.05669  	0.00255  	-0.0178  	0.48106  	1.05715  	129.237  	107.608  	
-0.6932  	0.10886  	0.03974  	-1.2426  	-0.7519  	-1.2355  	0.09871  	-0.4902  	0.06442  	0.40502  	0.12023  	0.08006  	0.14613  	-0.3104  	-0.5716  	0.85277  	0.53470  	-0.0293  	0.66920  	0.05163  	-0.5622  	-0.7837  	-0.8014  	0.12391  	0.08221  	0.31762  	-0.4309  	-0.1297  	0.07009  	-0.0123  	0.34889  	0.05896  	-0.4371  	-0.2713  	0.05318  	0.11772  	-0.0392  	0.08890  	-0.5993  	0.17558  	0.78861  	0.27296  	-0.2918  	0.51138  	-0.0735  	0.01083  	-0.0412  	0.05415  	-0.0584  	0.05977  	0.04457  	0.01083  	-0.0293  	0.06436  	-0.0057  	-0.0730  	-0.0258  	-0.0425  	-0.0255  	0.04918  	0.01126  	-0.0160  	0.05999  	0.00358  	0.04260  	-0.0273  	0.05632  	0.00187  	-0.0181  	0.48624  	1.05715  	129.237  	107.608  	
-0.8876  	0.05198  	-0.0625  	-1.3659  	-0.8381  	-1.3423  	0.08649  	-0.5994  	0.03735  	0.46165  	0.18904  	0.06693  	0.13186  	-0.4185  	-0.6920  	0.80350  	0.51553  	0.02985  	0.65228  	0.10548  	-0.6434  	-0.7379  	-0.6950  	0.04625  	0.08344  	0.33114  	-0.4840  	-0.0519  	0.07797  	-0.0031  	0.35741  	0.05055  	-0.4292  	-0.2375  	0.01466  	0.17243  	-0.0418  	0.08036  	-0.5701  	0.17916  	0.80050  	0.24764  	-0.2596  	0.49286  	-0.0516  	0.00512  	-0.0413  	0.04641  	-0.0647  	0.05804  	0.03165  	0.01515  	-0.0284  	0.06091  	-0.0109  	-0.0751  	-0.0277  	-0.0430  	-0.0215  	0.04836  	0.01633  	-0.0140  	0.06797  	-0.0010  	0.04171  	-0.0307  	0.05568  	0.00101  	-0.0184  	0.48814  	1.05715  	129.237  	107.608  	
-0.9144  	0.04908  	-0.0934  	-1.4280  	-0.8369  	-1.3932  	0.10614  	-0.6403  	0.03492  	0.50636  	0.20004  	0.04282  	0.08596  	-0.4203  	-0.7608  	0.84919  	0.41299  	0.16942  	0.59333  	0.30962  	-0.6884  	-0.5143  	-0.4557  	0.03393  	0.08845  	0.26293  	-0.5062  	0.03185  	0.01070  	-0.0143  	0.27604  	0.09301  	-0.3500  	-0.1101  	0.03164  	0.18078  	0.01254  	0.08251  	-0.4798  	0.24242  	0.75857  	0.12925  	-0.1742  	0.43651  	-0.0127  	-0.0145  	-0.0135  	0.03125  	-0.0521  	0.07417  	0.02341  	0.00909  	-0.0299  	0.04541  	-0.0179  	-0.0827  	-0.0291  	-0.0317  	-0.0217  	0.04090  	0.00742  	-0.0090  	0.07838  	6.23072  	0.04090  	-0.0341  	0.05488  	0.00015  	-0.0191  	0.50064  	1.05715  	129.237  	107.608  	
-0.8761  	0.08214  	-0.0270  	-1.4703  	-0.8730  	-1.3439  	0.13273  	-0.6691  	0.07155  	0.48048  	0.13937  	-0.0121  	-0.0092  	-0.3603  	-0.8095  	0.90538  	0.37585  	0.27223  	0.55819  	0.50262  	-0.6955  	-0.2777  	-0.1124  	0.05763  	0.17454  	0.15743  	-0.4118  	0.01599  	-0.0918  	0.03553  	0.14320  	0.14557  	-0.2783  	0.04182  	0.11609  	0.17718  	0.19536  	0.09251  	-0.3934  	0.31826  	0.69003  	-0.0081  	-0.0551  	0.38392  	0.05553  	-0.0288  	0.01039  	0.01082  	-0.0315  	0.08794  	0.01622  	0.00198  	-0.0335  	0.03146  	-0.0292  	-0.0732  	-0.0287  	-0.0224  	-0.0223  	0.02590  	0.00245  	-0.0062  	0.09695  	-0.0049  	0.04027  	-0.0387  	0.05404  	-0.0006  	-0.0198  	0.50898  	1.05715  	129.237  	107.608  	
-0.6818  	0.08557  	0.00110  	-1.2869  	-0.7943  	-1.1241  	0.10818  	-0.6231  	0.10105  	0.41086  	0.08229  	0.09674  	0.01086  	-0.3141  	-0.7362  	0.96448  	0.39084  	0.26410  	0.51708  	0.50467  	-0.6874  	-0.2972  	-0.1613  	0.12745  	0.17308  	0.16026  	-0.3774  	0.04977  	-0.0844  	0.03081  	0.14184  	0.15880  	-0.2503  	0.03660  	0.15339  	0.16778  	0.17416  	0.07612  	-0.4021  	0.32086  	0.67896  	-0.0056  	-0.0410  	0.38085  	0.05030  	-0.0295  	0.01265  	-0.0056  	-0.0309  	0.07924  	0.01428  	-0.0088  	-0.0342  	0.02081  	-0.0263  	-0.0773  	-0.0253  	-0.0181  	-0.0232  	0.01789  	0.00081  	0.00037  	0.10275  	0.00187  	0.03970  	-0.0411  	0.05268  	-0.0011  	-0.0203  	0.50959  	1.05715  	129.237  	107.608  	
-0.5288  	0.13887  	0.12733  	-1.1643  	-0.7617  	-1.0631  	0.07617  	-0.5716  	0.11175  	0.48625  	0.09297  	0.17429  	0.03181  	-0.2898  	-0.7763  	1.12005  	0.34740  	0.31834  	0.54432  	0.58403  	-0.7005  	-0.3211  	-0.2305  	0.07194  	0.16066  	0.13060  	-0.4654  	0.08775  	-0.0753  	0.02018  	0.12766  	0.16440  	-0.2534  	0.04162  	0.18863  	0.17448  	0.16390  	0.08882  	-0.3759  	0.34035  	0.65899  	-0.0097  	-0.0298  	0.35651  	0.03802  	-0.0272  	0.00836  	0.02576  	-0.0225  	0.07022  	0.03321  	-0.0030  	-0.0293  	0.02220  	-0.0206  	-0.0701  	-0.0222  	-0.0351  	-0.0209  	0.02154  	0.00534  	-0.0183  	0.09776  	0.00693  	0.03926  	-0.0437  	0.05139  	-0.0017  	-0.0202  	0.49864  	1.05715  	129.237  	107.608  	
-0.5747  	0.09113  	0.13541  	-1.1310  	-0.7464  	-1.1059  	0.07597  	-0.6062  	0.09739  	0.50510  	0.12577  	0.18253  	0.02563  	-0.2957  	-0.7702  	1.15028  	0.32044  	0.31085  	0.54279  	0.59431  	-0.7594  	-0.3322  	-0.3033  	0.08995  	0.22043  	0.12880  	-0.4596  	0.09178  	-0.0709  	0.02696  	0.11179  	0.20194  	-0.2634  	0.04270  	0.21339  	0.19651  	0.13418  	0.10211  	-0.3908  	0.34710  	0.65891  	0.00177  	-0.0226  	0.34668  	0.03477  	-0.0370  	0.01403  	0.01931  	-0.0133  	0.07316  	0.03624  	-0.0053  	-0.0294  	0.03357  	-0.0162  	-0.0718  	-0.0225  	-0.0331  	-0.0236  	0.02830  	-0.0019  	-0.0156  	0.09759  	0.00013  	0.03890  	-0.0449  	0.05049  	-0.0021  	-0.0205  	0.49079  	1.05715  	129.237  	107.608  	
-0.7041  	0.06082  	-0.0006  	-1.1707  	-0.8090  	-1.1498  	0.09633  	-0.6316  	0.08442  	0.45457  	0.12169  	0.10694  	0.02163  	-0.3084  	-0.7756  	1.10520  	0.35382  	0.28233  	0.54870  	0.55819  	-0.7087  	-0.3260  	-0.2575  	0.11645  	0.22523  	0.12764  	-0.4094  	0.06465  	-0.0887  	0.02720  	0.10346  	0.18641  	-0.2738  	0.02631  	0.20425  	0.22863  	0.16040  	0.09838  	-0.4091  	0.34624  	0.63121  	0.01041  	-0.0434  	0.34753  	0.04562  	-0.0318  	0.01427  	-0.0017  	-0.0226  	0.08298  	0.02597  	-0.0034  	-0.0275  	0.03386  	-0.0124  	-0.0765  	-0.0272  	-0.0268  	-0.0187  	0.03380  	-0.0046  	-0.0157  	0.10053  	0.00642  	0.03796  	-0.0462  	0.04977  	-0.0026  	-0.0211  	0.49154  	1.05715  	129.237  	107.608  	
-0.8196  	0.06803  	-0.0540  	-1.3493  	-0.8238  	-1.2512  	0.12805  	-0.6625  	0.06433  	0.45968  	0.10665  	0.05012  	-0.0067  	-0.3122  	-0.7166  	0.96248  	0.34892  	0.31157  	0.53300  	0.53852  	-0.7179  	-0.3144  	-0.1691  	0.05665  	0.17919  	0.14005  	-0.4642  	0.08855  	-0.0912  	0.03463  	0.12929  	0.16599  	-0.2887  	0.05258  	0.14669  	0.19718  	0.13782  	0.07098  	-0.4005  	0.31446  	0.65627  	0.00805  	-0.0635  	0.35686  	0.05286  	-0.0311  	0.00813  	0.00606  	-0.0357  	0.08548  	0.02786  	-0.0032  	-0.0257  	0.02745  	-0.0202  	-0.0709  	-0.0194  	-0.0209  	-0.0171  	0.02720  	-9.2471  	-0.0098  	0.09794  	0.00180  	0.03537  	-0.0460  	0.04917  	-0.0027  	-0.0207  	0.48197  	1.05715  	129.237  	107.608  	
-0.8373  	0.09789  	-0.0168  	-1.4023  	-0.8315  	-1.3408  	0.10508  	-0.6399  	0.07743  	0.45853  	0.13542  	0.02465  	-0.0020  	-0.2937  	-0.7545  	0.92980  	0.36194  	0.27690  	0.55928  	0.47491  	-0.6765  	-0.2953  	-0.1189  	0.07370  	0.12898  	0.15465  	-0.4197  	0.01147  	-0.1027  	0.04383  	0.13794  	0.15066  	-0.2754  	0.04797  	0.13805  	0.15888  	0.18177  	0.09945  	-0.4039  	0.31896  	0.68638  	0.00486  	-0.0505  	0.36636  	0.04733  	-0.0323  	0.01128  	0.01073  	-0.0341  	0.08527  	0.01574  	0.00150  	-0.0310  	0.03337  	-0.0314  	-0.0737  	-0.0285  	-0.0259  	-0.0230  	0.02318  	0.00365  	-0.0057  	0.09488  	-0.0043  	0.03297  	-0.0468  	0.04898  	-0.0028  	-0.0200  	0.46535  	1.05715  	129.237  	107.608  	
-0.7025  	0.08999  	0.01910  	-1.2802  	-0.8203  	-1.2121  	0.10638  	-0.6296  	0.09825  	0.42174  	0.10349  	0.08481  	-0.0063  	-0.3163  	-0.7956  	0.97630  	0.36899  	0.29177  	0.53308  	0.52403  	-0.6930  	-0.3016  	-0.1452  	0.10587  	0.14885  	0.15286  	-0.4071  	0.07711  	-0.0605  	0.03459  	0.13754  	0.15220  	-0.2677  	0.03549  	0.14492  	0.17992  	0.16950  	0.07382  	-0.4010  	0.32212  	0.67395  	-0.0068  	-0.0575  	0.37672  	0.04954  	-0.0378  	0.01789  	0.00868  	-0.0223  	0.08371  	0.02337  	-0.0069  	-0.0308  	0.02524  	-0.0233  	-0.0758  	-0.0197  	-0.0176  	-0.0235  	0.01614  	-0.0002  	-0.0014  	0.10492  	0.00197  	0.02969  	-0.0471  	0.04899  	-0.0032  	-0.0196  	0.46650  	1.05715  	129.237  	107.608  	
-0.5853  	0.10806  	0.11048  	-1.2537  	-0.8106  	-1.1012  	0.09052  	-0.5921  	0.10961  	0.48393  	0.09179  	0.14794  	0.06006  	-0.2371  	-0.8681  	1.06420  	0.33852  	0.29904  	0.53165  	0.57032  	-0.7230  	-0.3086  	-0.1998  	0.06725  	0.13536  	0.15387  	-0.4909  	0.09876  	-0.0792  	0.01463  	0.14124  	0.15084  	-0.2488  	0.04970  	0.17487  	0.16831  	0.16661  	0.07519  	-0.3607  	0.32796  	0.67600  	0.00559  	-0.0275  	0.35658  	0.04476  	-0.0346  	0.00546  	0.02208  	-0.0161  	0.07189  	0.02772  	-0.0062  	-0.0342  	0.02515  	-0.0187  	-0.0715  	-0.0255  	-0.0303  	-0.0227  	0.01386  	-4.5411  	-0.0082  	0.10275  	0.00925  	0.02672  	-0.0487  	0.04965  	-0.0035  	-0.0194  	0.46558  	1.05715  	129.237  	107.608  	
-0.6189  	0.09594  	0.08378  	-1.2257  	-0.7767  	-1.1364  	0.09917  	-0.6037  	0.09663  	0.49868  	0.11661  	0.15118  	0.02669  	-0.2410  	-0.8230  	1.07913  	0.33114  	0.31440  	0.52645  	0.60969  	-0.7475  	-0.3052  	-0.2417  	0.05428  	0.16023  	0.13723  	-0.4760  	0.11894  	-0.0617  	0.02115  	0.12588  	0.16706  	-0.2579  	0.04714  	0.16291  	0.18156  	0.16103  	0.08028  	-0.3662  	0.34824  	0.66688  	0.00197  	-0.0304  	0.35942  	0.04015  	-0.0320  	0.00975  	0.01851  	-0.0167  	0.06727  	0.02858  	-0.0078  	-0.0322  	0.03143  	-0.0173  	-0.0721  	-0.0254  	-0.0306  	-0.0271  	0.02287  	0.00161  	-0.0098  	0.10231  	0.00565  	0.02425  	-0.0488  	0.05068  	-0.0037  	-0.0187  	0.46018  	1.05715  	129.237  	107.608  	
-0.7400  	0.06379  	-0.0022  	-1.2086  	-0.7379  	-1.2355  	0.12680  	-0.6198  	0.10480  	0.47401  	0.13198  	0.17102  	0.01866  	-0.2610  	-0.7954  	1.01788  	0.34135  	0.30405  	0.53530  	0.62485  	-0.7227  	-0.2969  	-0.2562  	0.10273  	0.18952  	0.12263  	-0.4486  	0.13997  	-0.0831  	0.04673  	0.11217  	0.15741  	-0.2817  	0.05713  	0.15787  	0.20983  	0.14326  	0.07180  	-0.3780  	0.32166  	0.64040  	0.00105  	-0.0554  	0.34725  	0.05245  	-0.0377  	0.01176  	0.02103  	-0.0221  	0.09066  	0.03171  	-0.0054  	-0.0264  	0.03085  	-0.0097  	-0.0693  	-0.0191  	-0.0222  	-0.0169  	0.02839  	-0.0062  	-0.0055  	0.09547  	0.00290  	0.02379  	-0.0500  	0.05164  	-0.0041  	-0.0183  	0.45900  	1.05715  	129.237  	107.608  	
-0.6949  	0.12814  	-0.0462  	-1.0554  	-0.6253  	-1.2070  	0.10825  	-0.5742  	0.10352  	0.39188  	0.03698  	0.22283  	0.10242  	-0.0481  	-0.4573  	0.90745  	0.32937  	0.27179  	0.49930  	0.55534  	-0.6785  	-0.2790  	-0.2465  	0.09329  	0.18814  	0.11040  	-0.4233  	0.07756  	-0.0610  	0.08627  	0.11184  	0.13433  	-0.2444  	0.06085  	0.22334  	0.13740  	0.13385  	0.06429  	-0.3687  	0.34579  	0.58550  	0.02321  	-0.0827  	0.33282  	0.05485  	-0.0278  	0.00783  	0.00981  	-0.0266  	0.08589  	0.03671  	-0.0043  	-0.0383  	0.03034  	-0.0288  	-0.0678  	-0.0210  	-0.0281  	-0.0211  	0.02569  	0.00102  	-0.0032  	0.09442  	0.00254  	0.02521  	-0.0501  	0.05237  	-0.0043  	-0.0191  	0.46843  	1.05715  	129.237  	107.608  	
-0.5166  	0.14853  	0.06080  	-0.9673  	-0.5926  	-1.0790  	0.10069  	-0.5342  	0.14603  	0.34098  	-0.0973  	0.24255  	0.11071  	-0.0451  	-0.4106  	0.95146  	0.36227  	0.25695  	0.51090  	0.55846  	-0.7051  	-0.2651  	-0.2225  	0.09873  	0.17689  	0.12820  	-0.4522  	0.14930  	-0.0406  	0.08000  	0.10592  	0.13174  	-0.2436  	0.07723  	0.21237  	0.11456  	0.11035  	0.07374  	-0.3640  	0.33473  	0.61212  	-0.0043  	-0.0608  	0.35242  	0.04031  	-0.0318  	0.01627  	0.02149  	-0.0192  	0.08044  	0.01863  	-0.0082  	-0.0267  	0.03023  	-0.0263  	-0.0754  	-0.0249  	-0.0264  	-0.0186  	0.02598  	-0.0023  	-0.0151  	0.09118  	-0.0014  	0.02795  	-0.0501  	0.05287  	-0.0047  	-0.0199  	0.47857  	1.05715  	129.237  	107.608  	
-0.5715  	0.14597  	0.04475  	-1.0036  	-0.5459  	-1.1429  	0.12847  	-0.5643  	0.12542  	0.42702  	-0.0419  	0.19978  	0.12229  	-0.0393  	-0.5388  	0.96485  	0.30998  	0.30780  	0.51130  	0.63983  	-0.7567  	-0.2675  	-0.3071  	0.04523  	0.21272  	0.13509  	-0.5061  	0.22661  	0.03236  	0.05933  	0.11368  	0.10894  	-0.2264  	0.07851  	0.19722  	0.14340  	0.05278  	0.05702  	-0.3234  	0.35422  	0.62672  	5.87888  	-0.0422  	0.34700  	0.04264  	-0.0357  	0.01282  	0.02499  	-0.0118  	0.08693  	0.03038  	-0.0063  	-0.0323  	0.02618  	-0.0185  	-0.0718  	-0.0203  	-0.0230  	-0.0216  	0.02697  	-0.0016  	-0.0187  	0.09928  	-0.0020  	0.03108  	-0.0474  	0.05295  	-0.0047  	-0.0203  	0.47033  	1.05715  	129.237  	107.608  	
-0.5972  	0.12479  	0.01635  	-1.0127  	-0.5713  	-1.1808  	0.14094  	-0.5503  	0.12296  	0.45536  	0.04269  	0.20789  	0.10933  	-0.0242  	-0.5574  	0.99554  	0.29913  	0.30782  	0.51075  	0.62160  	-0.7270  	-0.2768  	-0.3130  	0.08585  	0.19450  	0.13958  	-0.4927  	0.16412  	-0.0012  	0.05142  	0.10473  	0.11841  	-0.2259  	0.06939  	0.21715  	0.15523  	0.07303  	0.05969  	-0.3453  	0.36713  	0.61470  	0.00325  	-0.0522  	0.34336  	0.04864  	-0.0377  	0.01326  	0.02536  	-0.0133  	0.07988  	0.02985  	-0.0080  	-0.0313  	0.02758  	-0.0197  	-0.0772  	-0.0156  	-0.0194  	-0.0196  	0.03253  	-0.0041  	-0.0160  	0.10317  	0.00398  	0.03457  	-0.0452  	0.05306  	-0.0047  	-0.0204  	0.45349  	1.05715  	129.237  	107.608  	
-0.8219  	0.04423  	-0.1078  	-1.1724  	-0.6952  	-1.3060  	0.15457  	-0.6377  	0.09585  	0.51886  	0.10975  	0.15016  	0.07565  	-0.1714  	-0.6900  	0.92056  	0.30738  	0.32716  	0.51113  	0.62808  	-0.7586  	-0.2910  	-0.3322  	0.08395  	0.22273  	0.12297  	-0.4589  	0.12360  	-0.0320  	0.06614  	0.12633  	0.13030  	-0.2525  	0.06412  	0.16430  	0.18406  	0.07589  	0.06723  	-0.3457  	0.35577  	0.60386  	0.02396  	-0.0642  	0.33413  	0.05518  	-0.0291  	0.00050  	0.02367  	-0.0248  	0.07894  	0.03070  	-0.0026  	-0.0370  	0.02886  	-0.0194  	-0.0698  	-0.0214  	-0.0224  	-0.0272  	0.03024  	0.00096  	-0.0125  	0.09137  	0.00138  	0.03699  	-0.0421  	0.05275  	-0.0044  	-0.0210  	0.45429  	1.05715  	129.237  	107.608  	
-0.8389  	0.05755  	-0.0872  	-1.3171  	-0.8176  	-1.3138  	0.12984  	-0.6332  	0.09016  	0.51160  	0.12038  	0.08029  	0.05171  	-0.2741  	-0.7380  	0.89462  	0.32737  	0.31984  	0.52527  	0.60185  	-0.7312  	-0.2939  	-0.2083  	0.03955  	0.16093  	0.14331  	-0.4749  	0.11290  	-0.0378  	0.03302  	0.13538  	0.14042  	-0.2558  	0.05341  	0.11913  	0.16723  	0.10147  	0.07230  	-0.3510  	0.33638  	0.65553  	0.00588  	-0.0511  	0.35242  	0.05435  	-0.0282  	0.00594  	0.02303  	-0.0242  	0.08038  	0.01788  	-0.0008  	-0.0361  	0.02706  	-0.0241  	-0.0766  	-0.0202  	-0.0229  	-0.0247  	0.02733  	0.00390  	-0.0129  	0.08968  	-0.0024  	0.03621  	-0.0402  	0.05287  	-0.0042  	-0.0217  	0.46939  	1.05715  	129.237  	107.608  	
-0.7132  	0.09111  	0.00060  	-1.2302  	-0.7889  	-1.2173  	0.09542  	-0.6497  	0.09888  	0.49704  	0.05804  	0.12022  	0.03917  	-0.3145  	-0.7960  	1.00026  	0.36828  	0.31424  	0.53666  	0.57485  	-0.7586  	-0.3133  	-0.1666  	0.03863  	0.14433  	0.13820  	-0.5148  	0.13923  	-0.0222  	0.04662  	0.13503  	0.14819  	-0.2901  	0.05693  	0.10733  	0.18603  	0.08738  	0.07902  	-0.3546  	0.34138  	0.67966  	-0.0127  	-0.0330  	0.36599  	0.03574  	-0.0380  	0.01263  	0.03116  	-0.0182  	0.08733  	0.02631  	0.00151  	-0.0315  	0.03244  	-0.0139  	-0.0754  	-0.0236  	-0.0213  	-0.0238  	0.02343  	0.00098  	-0.0039  	0.10032  	0.00149  	0.03327  	-0.0385  	0.05299  	-0.0036  	-0.0212  	0.47505  	1.05715  	129.237  	107.608  	
-0.7245  	0.08577  	-0.0168  	-1.2571  	-0.7960  	-1.2221  	0.12446  	-0.6638  	0.09494  	0.46977  	0.07994  	0.11718  	0.02355  	-0.3510  	-0.7592  	0.99560  	0.37953  	0.31642  	0.52574  	0.53884  	-0.7612  	-0.2971  	-0.1779  	0.03857  	0.14973  	0.15047  	-0.4966  	0.14424  	0.00070  	0.04356  	0.13604  	0.14350  	-0.2930  	0.04924  	0.09418  	0.18948  	0.10515  	0.08009  	-0.3649  	0.33240  	0.69197  	-0.0093  	-0.0285  	0.36899  	0.03866  	-0.0356  	0.01518  	0.02552  	-0.0190  	0.08015  	0.02356  	0.00391  	-0.0318  	0.02887  	-0.0192  	-0.0756  	-0.0255  	-0.0199  	-0.0227  	0.02519  	0.00171  	-0.0033  	0.09881  	0.00077  	0.03092  	-0.0377  	0.05303  	-0.0027  	-0.0200  	0.47518  	1.05715  	129.237  	107.608  	
-0.7627  	0.08240  	-0.0351  	-1.2663  	-0.7856  	-1.2120  	0.15869  	-0.6743  	0.07515  	0.47864  	0.04130  	0.07086  	0.01272  	-0.3645  	-0.7380  	0.97588  	0.36040  	0.34473  	0.53766  	0.54613  	-0.8167  	-0.2866  	-0.2112  	0.02180  	0.18888  	0.14416  	-0.4921  	0.16399  	0.04439  	0.04536  	0.12607  	0.14232  	-0.2888  	0.05695  	0.08036  	0.20784  	0.07221  	0.07658  	-0.3482  	0.34308  	0.70409  	-0.0023  	-0.0375  	0.37940  	0.03883  	-0.0358  	0.00883  	0.02394  	-0.0159  	0.07236  	0.02447  	0.00518  	-0.0319  	0.02907  	-0.0185  	-0.0758  	-0.0212  	-0.0250  	-0.0235  	0.02071  	0.00158  	-0.0059  	0.09858  	0.00211  	0.02852  	-0.0362  	0.05288  	-0.0018  	-0.0189  	0.49323  	1.05715  	129.237  	107.608  	
-0.8036  	0.06847  	-0.0420  	-1.3170  	-0.8143  	-1.2384  	0.14135  	-0.6898  	0.08307  	0.49021  	0.05721  	0.06634  	0.02049  	-0.3709  	-0.7692  	0.97783  	0.35342  	0.33620  	0.52560  	0.53381  	-0.8267  	-0.2880  	-0.1949  	-0.0092  	0.15399  	0.15699  	-0.5296  	0.17526  	0.03711  	0.02703  	0.14890  	0.13608  	-0.2802  	0.06191  	0.05570  	0.20278  	0.07741  	0.08017  	-0.3536  	0.33659  	0.71625  	-0.0086  	-0.0264  	0.38137  	0.03620  	-0.0349  	0.01385  	0.02300  	-0.0170  	0.07551  	0.02237  	0.00432  	-0.0354  	0.02910  	-0.0197  	-0.0760  	-0.0265  	-0.0276  	-0.0220  	0.02381  	0.00485  	-0.0031  	0.09828  	0.00326  	0.02729  	-0.0358  	0.05320  	-0.0005  	-0.0176  	0.49437  	1.05715  	129.237  	107.608  	
-0.7653  	0.10588  	-0.0131  	-1.2882  	-0.8150  	-1.2640  	0.09940  	-0.6250  	0.10716  	0.46281  	0.07853  	0.07248  	0.00682  	-0.3126  	-0.7150  	0.95255  	0.36796  	0.30183  	0.55282  	0.51312  	-0.7155  	-0.2680  	-0.1575  	0.03941  	0.15782  	0.13585  	-0.4537  	0.07028  	-0.0571  	0.04051  	0.12969  	0.15422  	-0.2803  	0.05801  	0.10348  	0.15906  	0.14639  	0.09889  	-0.3798  	0.32779  	0.68907  	-0.0056  	-0.0428  	0.36298  	0.03887  	-0.0312  	0.01455  	0.01862  	-0.0176  	0.07893  	0.02042  	-0.0020  	-0.0350  	0.03683  	-0.0241  	-0.0769  	-0.0252  	-0.0258  	-0.0205  	0.02629  	0.00026  	-0.0058  	0.09963  	0.00211  	0.02685  	-0.0340  	0.05356  	0.00091  	-0.0162  	0.49956  	1.05715  	129.237  	107.608  	
-0.7324  	0.08243  	-0.0139  	-1.3038  	-0.8192  	-1.2266  	0.10297  	-0.6382  	0.09625  	0.40775  	0.12149  	0.05995  	-0.0281  	-0.3379  	-0.7485  	0.97961  	0.36742  	0.28074  	0.53325  	0.50042  	-0.6689  	-0.2865  	-0.1231  	0.10810  	0.16614  	0.15057  	-0.4185  	0.06043  	-0.0882  	0.04545  	0.13762  	0.15491  	-0.2763  	0.03651  	0.13508  	0.15581  	0.19235  	0.08740  	-0.4092  	0.31716  	0.68218  	0.00233  	-0.0624  	0.37181  	0.04596  	-0.0301  	0.01214  	0.00278  	-0.0319  	0.08610  	0.01655  	-0.0060  	-0.0297  	0.03177  	-0.0250  	-0.0739  	-0.0235  	-0.0227  	-0.0265  	0.02305  	5.00376  	-0.0056  	0.10045  	0.00220  	0.02772  	-0.0332  	0.05383  	0.00204  	-0.0156  	0.50978  	1.05715  	129.237  	107.608  	
-0.5426  	0.10386  	0.05324  	-1.1138  	-0.7109  	-1.0619  	0.10932  	-0.5917  	0.09359  	0.42956  	0.00678  	0.17370  	0.04608  	-0.2869  	-0.6911  	1.07567  	0.35201  	0.30803  	0.51680  	0.56930  	-0.7478  	-0.3061  	-0.2303  	0.09607  	0.17148  	0.14127  	-0.4372  	0.11840  	-0.0376  	0.03705  	0.11129  	0.14974  	-0.2653  	0.03750  	0.17602  	0.18879  	0.11999  	0.06591  	-0.3736  	0.36738  	0.64407  	0.00522  	-0.0467  	0.36219  	0.04165  	-0.0285  	0.00771  	0.01385  	-0.0219  	0.07610  	0.02078  	-0.0044  	-0.0284  	0.02415  	-0.0167  	-0.0758  	-0.0198  	-0.0262  	-0.0258  	0.01518  	-0.0019  	-0.0083  	0.09936  	0.00464  	0.02980  	-0.0316  	0.05449  	0.00298  	-0.0159  	0.51632  	1.05715  	129.237  	107.608  	
-0.4950  	0.12089  	0.15604  	-1.0286  	-0.6405  	-1.0767  	0.12011  	-0.5950  	0.10224  	0.50247  	0.10280  	0.16497  	0.03086  	-0.3130  	-0.7449  	1.24242  	0.32029  	0.35056  	0.54133  	0.60498  	-0.7448  	-0.3081  	-0.3495  	0.08056  	0.26645  	0.11324  	-0.4176  	0.10479  	-0.0692  	0.04249  	0.09206  	0.17629  	-0.2759  	0.03513  	0.21435  	0.23476  	0.14497  	0.09323  	-0.3927  	0.35905  	0.61323  	0.01571  	-0.0475  	0.34230  	0.03830  	-0.0252  	0.00910  	0.02862  	-0.0202  	0.07907  	0.03912  	-0.0065  	-0.0289  	0.02726  	-0.0137  	-0.0664  	-0.0184  	-0.0302  	-0.0266  	0.02868  	-0.0005  	-0.0193  	0.09773  	0.00207  	0.03235  	-0.0304  	0.05537  	0.00325  	-0.0165  	0.52966  	1.05715  	129.237  	107.608  	
-0.5202  	0.09632  	0.10161  	-0.9762  	-0.6612  	-1.0580  	0.10424  	-0.6372  	0.07263  	0.44843  	0.06046  	0.08234  	0.02757  	-0.2703  	-0.6068  	1.15973  	0.32937  	0.28011  	0.55274  	0.55007  	-0.6869  	-0.2610  	-0.3130  	0.14276  	0.30220  	0.08321  	-0.3323  	0.05638  	-0.0872  	0.08612  	0.07920  	0.20642  	-0.2948  	0.03009  	0.25134  	0.24675  	0.18755  	0.10032  	-0.4033  	0.34461  	0.58296  	0.01974  	-0.0577  	0.33452  	0.03779  	-0.0272  	0.00735  	0.01351  	-0.0161  	0.07849  	0.04530  	-0.0052  	-0.0240  	0.03087  	-0.0148  	-0.0643  	-0.0191  	-0.0237  	-0.0239  	0.03847  	-0.0029  	-0.0246  	0.10555  	0.00311  	0.03439  	-0.0285  	0.05622  	0.00361  	-0.0166  	0.51699  	1.05715  	129.237  	107.608  	
-0.5264  	0.09868  	0.04508  	-1.0884  	-0.7458  	-1.0067  	0.12086  	-0.6338  	0.08146  	0.35532  	0.07172  	0.07582  	0.01638  	-0.2148  	-0.6070  	1.07268  	0.36175  	0.24414  	0.53415  	0.48221  	-0.6531  	-0.2745  	-0.2385  	0.13378  	0.22707  	0.10397  	-0.3491  	0.00564  	-0.1258  	0.07314  	0.10019  	0.20106  	-0.2995  	0.04756  	0.26225  	0.20507  	0.24015  	0.11237  	-0.4212  	0.32636  	0.61416  	0.00032  	-0.0580  	0.34549  	0.04723  	-0.0347  	0.01290  	0.00096  	-0.0206  	0.07088  	0.02606  	-0.0009  	-0.0317  	0.02846  	-0.0124  	-0.0699  	-0.0249  	-0.0214  	-0.0240  	0.02165  	-0.0046  	-0.0184  	0.10004  	-0.0008  	0.03692  	-0.0283  	0.05686  	0.00348  	-0.0165  	0.50469  	1.05715  	129.237  	107.608  	
-0.4725  	0.10240  	0.10491  	-1.1372  	-0.7859  	-1.0185  	0.14253  	-0.5898  	0.10705  	0.37717  	0.04187  	0.09761  	0.03864  	-0.2420  	-0.6830  	1.10010  	0.34485  	0.30369  	0.55094  	0.56929  	-0.7091  	-0.2847  	-0.2522  	0.06733  	0.23466  	0.10323  	-0.4041  	0.08593  	-0.1068  	0.04416  	0.09602  	0.18079  	-0.2845  	0.05015  	0.22221  	0.19513  	0.20612  	0.10699  	-0.4009  	0.33048  	0.62405  	0.01508  	-0.0530  	0.34764  	0.04070  	-0.0334  	0.00945  	0.01269  	-0.0165  	0.07270  	0.03071  	-0.0014  	-0.0299  	0.03159  	-0.0176  	-0.0684  	-0.0233  	-0.0245  	-0.0188  	0.02871  	-0.0029  	-0.0099  	0.09657  	0.00049  	0.03769  	-0.0288  	0.05667  	0.00291  	-0.0170  	0.51319  	1.05715  	129.237  	107.608  	
-0.6573  	0.10930  	0.01962  	-1.1727  	-0.7730  	-1.1113  	0.12949  	-0.6186  	0.08989  	0.43733  	0.06233  	0.12272  	0.02506  	-0.2274  	-0.7512  	1.02723  	0.34510  	0.29349  	0.53830  	0.58792  	-0.7219  	-0.2876  	-0.2565  	0.10978  	0.24626  	0.11986  	-0.3810  	0.08485  	-0.0398  	0.05917  	0.08774  	0.17803  	-0.2850  	0.04237  	0.19489  	0.23168  	0.17521  	0.07786  	-0.3701  	0.34884  	0.62915  	0.01132  	-0.0558  	0.34408  	0.04570  	-0.0321  	0.01262  	0.01466  	-0.0222  	0.07040  	0.02748  	-0.0010  	-0.0291  	0.02816  	-0.0171  	-0.0707  	-0.0213  	-0.0246  	-0.0202  	0.02864  	0.00041  	-0.0152  	0.09372  	0.00030  	0.03697  	-0.0312  	0.05663  	0.00193  	-0.0181  	0.51749  	1.05715  	129.237  	107.608  	
-0.8381  	0.07357  	-0.0590  	-1.3484  	-0.8315  	-1.2912  	0.11740  	-0.6665  	0.07138  	0.51619  	0.15243  	0.11166  	0.03975  	-0.2501  	-0.7902  	0.95339  	0.33686  	0.31433  	0.54202  	0.57354  	-0.7350  	-0.2952  	-0.1733  	0.07725  	0.15394  	0.14255  	-0.4758  	0.10125  	-0.1157  	0.03279  	0.13285  	0.16597  	-0.2818  	0.05368  	0.15094  	0.19599  	0.12184  	0.08154  	-0.4009  	0.30010  	0.64537  	0.01274  	-0.0455  	0.34904  	0.05347  	-0.0353  	0.01155  	0.01350  	-0.0240  	0.09245  	0.03306  	-0.0025  	-0.0321  	0.03369  	-0.0090  	-0.0689  	-0.0144  	-0.0181  	-0.0138  	0.03327  	-0.0006  	-0.0006  	0.09027  	0.00024  	0.03603  	-0.0334  	0.05595  	0.00117  	-0.0183  	0.51977  	1.05715  	129.237  	107.608  	
-0.9080  	0.04879  	-0.0700  	-1.4330  	-0.8166  	-1.3750  	0.11391  	-0.6652  	0.06066  	0.54309  	0.18141  	0.05389  	0.06933  	-0.2478  	-0.7605  	0.90271  	0.32086  	0.31478  	0.51583  	0.54991  	-0.7214  	-0.3055  	-0.1926  	0.05561  	0.13952  	0.15447  	-0.4899  	0.06138  	-0.0712  	0.02328  	0.15927  	0.12566  	-0.2553  	0.05620  	0.13511  	0.17827  	0.11523  	0.08177  	-0.3666  	0.32346  	0.67396  	0.01111  	-0.0610  	0.34440  	0.04199  	-0.0332  	0.01032  	0.01883  	-0.0372  	0.08482  	0.00919  	0.00318  	-0.0311  	0.02662  	-0.0280  	-0.0746  	-0.0309  	-0.0277  	-0.0248  	0.02470  	0.00552  	-0.0031  	0.09260  	-0.0053  	0.03601  	-0.0363  	0.05500  	0.00018  	-0.0184  	0.52259  	1.05715  	129.237  	107.608  	
-0.9596  	0.04653  	-0.0753  	-1.3947  	-0.7646  	-1.3953  	0.15066  	-0.6626  	0.07837  	0.55392  	0.18034  	0.11418  	0.05201  	-0.2566  	-0.8211  	0.93549  	0.29580  	0.33063  	0.50969  	0.57808  	-0.7893  	-0.2652  	-0.2132  	0.06591  	0.09640  	0.15667  	-0.5374  	0.10265  	-0.0469  	0.01622  	0.15753  	0.11800  	-0.2449  	0.06015  	0.10861  	0.18976  	0.06861  	0.06381  	-0.3288  	0.32838  	0.69804  	0.02138  	-0.0607  	0.33906  	0.04271  	-0.0349  	0.00725  	0.01919  	-0.0301  	0.08476  	0.00945  	-0.0007  	-0.0273  	0.02811  	-0.0239  	-0.0804  	-0.0290  	-0.0288  	-0.0195  	0.02740  	0.00735  	-0.0028  	0.09334  	-0.0026  	0.03595  	-0.0391  	0.05400  	-0.0006  	-0.0192  	0.53362  	1.05715  	129.237  	107.608  	
-0.8389  	0.07117  	-0.0745  	-1.3117  	-0.7336  	-1.3302  	0.13049  	-0.5889  	0.12229  	0.52654  	0.11153  	0.16468  	0.08414  	-0.1833  	-0.7395  	0.92313  	0.32992  	0.29640  	0.54093  	0.56594  	-0.7427  	-0.2630  	-0.1689  	0.10776  	0.11538  	0.15314  	-0.4927  	0.10053  	-0.0576  	0.03440  	0.14366  	0.11745  	-0.2617  	0.06400  	0.11748  	0.14229  	0.07215  	0.07221  	-0.3332  	0.35267  	0.67343  	0.01222  	-0.0434  	0.34026  	0.03475  	-0.0352  	0.00647  	0.02263  	-0.0252  	0.08144  	0.01595  	-0.0020  	-0.0330  	0.03240  	-0.0262  	-0.0827  	-0.0280  	-0.0342  	-0.0215  	0.03159  	0.00139  	-0.0035  	0.09390  	-0.0016  	0.03642  	-0.0432  	0.05309  	-0.0014  	-0.0199  	0.53965  	1.05715  	129.237  	107.608  	
-0.6705  	0.14139  	-0.0477  	-1.1526  	-0.6894  	-1.2007  	0.09764  	-0.4926  	0.15039  	0.45847  	0.05055  	0.21645  	0.09110  	-0.0891  	-0.5800  	0.94070  	0.36007  	0.29603  	0.56399  	0.55808  	-0.6648  	-0.2737  	-0.1707  	0.09048  	0.12392  	0.13035  	-0.4958  	0.13781  	-0.0396  	0.04986  	0.14482  	0.12746  	-0.2745  	0.05626  	0.12690  	0.11266  	0.07954  	0.07187  	-0.3363  	0.36373  	0.65599  	-0.0137  	-0.0406  	0.34226  	0.03099  	-0.0300  	0.00735  	0.02475  	-0.0202  	0.08097  	0.02873  	-0.0033  	-0.0367  	0.03202  	-0.0275  	-0.0839  	-0.0250  	-0.0327  	-0.0250  	0.03328  	-0.0036  	-0.0041  	0.09147  	-0.0017  	0.03711  	-0.0454  	0.05186  	-0.0019  	-0.0205  	0.54519  	1.05715  	129.237  	107.608  	
-0.5581  	0.17879  	0.04043  	-0.9369  	-0.6339  	-1.1214  	0.11568  	-0.4645  	0.16734  	0.35603  	-0.0241  	0.29795  	0.08973  	0.00761  	-0.4328  	0.95862  	0.35023  	0.30056  	0.54554  	0.60278  	-0.6454  	-0.2953  	-0.2174  	0.07229  	0.14261  	0.12382  	-0.5033  	0.17905  	-0.0188  	0.05977  	0.12819  	0.10561  	-0.2500  	0.06330  	0.17597  	0.11637  	0.08617  	0.05857  	-0.3462  	0.34441  	0.64500  	-0.0139  	-0.0431  	0.33962  	0.04624  	-0.0245  	0.00816  	0.02692  	-0.0173  	0.07966  	0.03431  	-0.0061  	-0.0343  	0.03206  	-0.0333  	-0.0652  	-0.0232  	-0.0362  	-0.0253  	0.03364  	-0.0025  	-0.0041  	0.08591  	-0.0026  	0.03761  	-0.0478  	0.05080  	-0.0025  	-0.0207  	0.54030  	1.05715  	129.237  	107.608  	
-0.4859  	0.18183  	0.07485  	-0.7793  	-0.5203  	-1.0150  	0.12256  	-0.4932  	0.15459  	0.31412  	-0.1551  	0.32831  	0.12469  	0.06924  	-0.3065  	1.00911  	0.35809  	0.31817  	0.52510  	0.59909  	-0.6944  	-0.2782  	-0.2548  	0.05234  	0.13535  	0.14090  	-0.5303  	0.20937  	-0.0023  	0.06739  	0.09757  	0.10177  	-0.2361  	0.06105  	0.18564  	0.10408  	0.05671  	0.07109  	-0.3146  	0.34077  	0.64900  	-0.0172  	-0.0424  	0.34089  	0.04129  	-0.0236  	0.01266  	0.04767  	-0.0170  	0.06850  	0.02559  	-0.0086  	-0.0391  	0.02634  	-0.0291  	-0.0588  	-0.0303  	-0.0426  	-0.0196  	0.03150  	-0.0025  	-0.0086  	0.08367  	-0.0061  	0.03749  	-0.0487  	0.05005  	-0.0029  	-0.0213  	0.53753  	1.05715  	129.237  	107.608  	
-0.3110  	0.23636  	0.12367  	-0.7068  	-0.5278  	-0.8701  	0.12839  	-0.4828  	0.17420  	0.24713  	-0.2878  	0.26755  	0.18513  	0.08513  	-0.1541  	0.97917  	0.37757  	0.27394  	0.51035  	0.55437  	-0.6735  	-0.2533  	-0.2678  	0.09042  	0.18918  	0.12201  	-0.4164  	0.08790  	-0.0689  	0.08887  	0.10334  	0.16480  	-0.2120  	0.05317  	0.21692  	0.06370  	0.10844  	0.09951  	-0.3234  	0.35558  	0.62852  	-0.0161  	-0.0380  	0.34382  	0.03635  	-0.0348  	0.00655  	0.04003  	-0.0034  	0.06698  	0.02243  	-0.0003  	-0.0351  	0.02242  	-0.0316  	-0.0631  	-0.0252  	-0.0343  	-0.0200  	0.02391  	0.00195  	-0.0043  	0.08910  	0.00056  	0.03661  	-0.0500  	0.04932  	-0.0033  	-0.0220  	0.54253  	1.05715  	129.237  	107.608  	
-0.1787  	0.23881  	0.18536  	-0.7041  	-0.5238  	-0.8503  	0.14554  	-0.4660  	0.17936  	0.29257  	-0.2259  	0.21895  	0.20358  	0.13365  	-0.0937  	1.00904  	0.36123  	0.24551  	0.49780  	0.55640  	-0.5696  	-0.2494  	-0.2794  	0.11550  	0.18181  	0.10246  	-0.3752  	-0.0248  	-0.1251  	0.07796  	0.09937  	0.17242  	-0.2092  	0.05972  	0.28254  	0.04372  	0.18503  	0.11570  	-0.3573  	0.33973  	0.60900  	0.00597  	-0.0497  	0.34059  	0.04211  	-0.0255  	0.00723  	0.02951  	-0.0117  	0.06949  	0.01679  	-0.0014  	-0.0327  	0.02496  	-0.0294  	-0.0592  	-0.0293  	-0.0282  	-0.0266  	0.02122  	-0.0004  	0.00202  	0.09040  	-0.0010  	0.03403  	-0.0502  	0.04863  	-0.0033  	-0.0218  	0.53299  	1.05715  	129.237  	107.608  	
-0.0502  	0.27206  	0.32618  	-0.7590  	-0.5906  	-0.8072  	0.16441  	-0.3738  	0.20533  	0.28907  	-0.1240  	0.16385  	0.18102  	0.19289  	-0.0866  	1.08424  	0.34211  	0.17396  	0.51251  	0.46908  	-0.4454  	-0.2077  	-0.2175  	0.17049  	0.18299  	0.08633  	-0.2709  	-0.2001  	-0.2221  	0.05526  	0.09783  	0.20239  	-0.2225  	0.04542  	0.35254  	0.03734  	0.30659  	0.15254  	-0.4246  	0.30559  	0.58472  	0.00657  	-0.0534  	0.34790  	0.03496  	-0.0285  	0.00531  	0.04280  	-0.0121  	0.07914  	0.01057  	0.00132  	-0.0275  	0.02839  	-0.0244  	-0.0505  	-0.0344  	-0.0308  	-0.0271  	0.03232  	0.00806  	0.00037  	0.09220  	-0.0033  	0.03157  	-0.0515  	0.04820  	-0.0034  	-0.0210  	0.52032  	1.05715  	129.237  	107.608  	
-0.0379  	0.29852  	0.34591  	-0.7869  	-0.6552  	-0.7814  	0.16071  	-0.3284  	0.22784  	0.23324  	-0.0189  	0.14094  	0.16355  	0.17715  	-0.1162  	1.12025  	0.35679  	0.14379  	0.52823  	0.43453  	-0.3428  	-0.2163  	-0.1686  	0.21530  	0.17632  	0.08323  	-0.2200  	-0.2723  	-0.3335  	0.03048  	0.08675  	0.22191  	-0.2168  	0.04149  	0.38331  	-0.0037  	0.38594  	0.17831  	-0.4491  	0.27796  	0.55023  	0.00732  	-0.0532  	0.34838  	0.03490  	-0.0274  	0.00175  	0.04011  	-0.0118  	0.08218  	0.00559  	0.00058  	-0.0269  	0.03465  	-0.0232  	-0.0506  	-0.0370  	-0.0314  	-0.0308  	0.03302  	0.00728  	-0.0032  	0.09188  	-0.0020  	0.02815  	-0.0523  	0.04756  	-0.0037  	-0.0206  	0.52295  	1.05715  	129.237  	107.608  	
-0.0495  	0.29490  	0.37519  	-0.8237  	-0.7228  	-0.7552  	0.16688  	-0.2954  	0.24257  	0.20883  	0.06064  	0.16136  	0.16476  	0.20249  	-0.1578  	1.16201  	0.37399  	0.14177  	0.53349  	0.39901  	-0.2770  	-0.2326  	-0.1502  	0.25594  	0.15381  	0.07506  	-0.1914  	-0.3270  	-0.3990  	0.02198  	0.09094  	0.23644  	-0.2137  	0.04488  	0.40463  	-0.0329  	0.42566  	0.19383  	-0.4684  	0.26512  	0.54896  	0.00655  	-0.0552  	0.33970  	0.03202  	-0.0273  	0.00193  	0.03902  	-0.0132  	0.08235  	0.00462  	0.00163  	-0.0252  	0.03970  	-0.0278  	-0.0531  	-0.0441  	-0.0289  	-0.0334  	0.03371  	0.00928  	-0.0037  	0.09641  	-0.0020  	0.02561  	-0.0537  	0.04728  	-0.0038  	-0.0204  	0.51740  	1.05715  	129.237  	107.608  	
-0.0412  	0.29679  	0.35280  	-0.8373  	-0.7053  	-0.7793  	0.16097  	-0.3052  	0.26218  	0.20372  	0.07134  	0.18492  	0.16593  	0.19052  	-0.1696  	1.15187  	0.37474  	0.13920  	0.51036  	0.40290  	-0.3125  	-0.2288  	-0.1233  	0.24054  	0.11026  	0.09259  	-0.2219  	-0.2844  	-0.4072  	0.02444  	0.10098  	0.22272  	-0.2023  	0.04180  	0.40996  	-0.0442  	0.42187  	0.19392  	-0.4749  	0.25975  	0.55613  	0.00805  	-0.0526  	0.33881  	0.02938  	-0.0279  	0.00437  	0.02779  	-0.0146  	0.08149  	0.00530  	0.00384  	-0.0262  	0.03783  	-0.0255  	-0.0531  	-0.0427  	-0.0291  	-0.0293  	0.03432  	0.00784  	0.00113  	0.09221  	-0.0016  	0.02345  	-0.0536  	0.04744  	-0.0038  	-0.0199  	0.51106  	1.05715  	129.237  	107.608  	
-0.0446  	0.29355  	0.34808  	-0.8389  	-0.7027  	-0.7830  	0.16078  	-0.3095  	0.25887  	0.20547  	0.07143  	0.18171  	0.16209  	0.18298  	-0.1671  	1.14774  	0.37981  	0.14058  	0.50786  	0.40677  	-0.3180  	-0.2348  	-0.1210  	0.24146  	0.11138  	0.09305  	-0.2211  	-0.2787  	-0.4055  	0.02482  	0.09953  	0.22201  	-0.2045  	0.04063  	0.41160  	-0.0452  	0.41885  	0.19415  	-0.4756  	0.25817  	0.55287  	0.00802  	-0.0537  	0.33870  	0.02882  	-0.0277  	0.00401  	0.02728  	-0.0152  	0.08109  	0.00614  	0.00467  	-0.0269  	0.03689  	-0.0252  	-0.0532  	-0.0416  	-0.0294  	-0.0295  	0.03295  	0.00770  	0.00074  	0.09159  	-0.0014  	0.02289  	-0.0543  	0.04771  	-0.0040  	-0.0195  	0.51148  	1.05715  	129.237  	107.608  	
-0.0446  	0.29355  	0.34808  	-0.8389  	-0.7027  	-0.7830  	0.16078  	-0.3095  	0.25887  	0.20547  	0.07143  	0.18171  	0.16209  	0.18298  	-0.1671  	1.14774  	0.37981  	0.14058  	0.50786  	0.40677  	-0.3180  	-0.2348  	-0.1210  	0.24146  	0.11138  	0.09305  	-0.2211  	-0.2787  	-0.4055  	0.02482  	0.09953  	0.22201  	-0.2045  	0.04063  	0.41160  	-0.0452  	0.41885  	0.19415  	-0.4756  	0.25817  	0.55287  	0.00802  	-0.0537  	0.33870  	0.02882  	-0.0277  	0.00401  	0.02728  	-0.0152  	0.08109  	0.00614  	0.00467  	-0.0269  	0.03689  	-0.0252  	-0.0532  	-0.0416  	-0.0294  	-0.0295  	0.03295  	0.00770  	0.00074  	0.09159  	-0.0014  	0.02409  	-0.0543  	0.04804  	-0.0041  	-0.0204  	0.51915  	1.05715  	129.237  	107.608  	
-0.0446  	0.29355  	0.34808  	-0.8389  	-0.7027  	-0.7830  	0.16078  	-0.3095  	0.25887  	0.20547  	0.07143  	0.18171  	0.16209  	0.18298  	-0.1671  	1.14774  	0.37981  	0.14058  	0.50786  	0.40677  	-0.3180  	-0.2348  	-0.1210  	0.24146  	0.11138  	0.09305  	-0.2211  	-0.2787  	-0.4055  	0.02482  	0.09953  	0.22201  	-0.2045  	0.04063  	0.41160  	-0.0452  	0.41885  	0.19415  	-0.4756  	0.25817  	0.55287  	0.00802  	-0.0537  	0.33870  	0.02882  	-0.0277  	0.00401  	0.02728  	-0.0152  	0.08109  	0.00614  	0.00467  	-0.0269  	0.03689  	-0.0252  	-0.0532  	-0.0416  	-0.0294  	-0.0295  	0.03295  	0.00770  	0.00074  	0.09159  	-0.0014  	0.02687  	-0.0539  	0.04861  	-0.0045  	-0.0213  	0.52856  	1.05715  	129.237  	107.608  	
-0.0446  	0.29355  	0.34808  	-0.8389  	-0.7027  	-0.7830  	0.16078  	-0.3095  	0.25887  	0.20547  	0.07143  	0.18171  	0.16209  	0.18298  	-0.1671  	1.14774  	0.37981  	0.14058  	0.50786  	0.40677  	-0.3180  	-0.2348  	-0.1210  	0.24146  	0.11138  	0.09305  	-0.2211  	-0.2787  	-0.4055  	0.02482  	0.09953  	0.22201  	-0.2045  	0.04063  	0.41160  	-0.0452  	0.41885  	0.19415  	-0.4756  	0.25817  	0.55287  	0.00802  	-0.0537  	0.33870  	0.02882  	-0.0277  	0.00401  	0.02728  	-0.0152  	0.08109  	0.00614  	0.00467  	-0.0269  	0.03689  	-0.0252  	-0.0532  	-0.0416  	-0.0294  	-0.0295  	0.03295  	0.00770  	0.00074  	0.09159  	-0.0014  	0.03003  	-0.0509  	0.04913  	-0.0046  	-0.0217  	0.52352  	1.05715  	129.237  	107.608  	
-0.0417  	0.30942  	0.38880  	-0.8174  	-0.6946  	-0.8109  	0.12616  	-0.2492  	0.23795  	0.17895  	0.08771  	0.19945  	0.21114  	0.13066  	-0.1066  	1.08681  	0.47338  	-0.0271  	0.58059  	0.14088  	-0.2455  	-0.4641  	-0.3758  	0.24406  	0.04224  	0.19494  	-0.2244  	-0.3728  	-0.3246  	0.00436  	0.21745  	0.17271  	-0.2997  	-0.1245  	0.34626  	-0.0738  	0.33091  	0.19226  	-0.5928  	0.17351  	0.62867  	0.14045  	-0.1720  	0.41819  	-0.0306  	-0.0071  	-0.0200  	0.04627  	-0.0309  	0.06906  	0.01237  	0.00957  	-0.0256  	0.05373  	-0.0190  	-0.0547  	-0.0441  	-0.0409  	-0.0289  	0.04175  	0.01241  	-0.0024  	0.07523  	-0.0009  	0.03298  	-0.0481  	0.05001  	-0.0048  	-0.0216  	0.50802  	1.05715  	129.237  	107.608  	
-0.0394  	0.32212  	0.42138  	-0.8002  	-0.6882  	-0.8332  	0.09846  	-0.2010  	0.22121  	0.15774  	0.10073  	0.21364  	0.25037  	0.08880  	-0.0582  	1.03806  	0.54823  	-0.1613  	0.63877  	-0.0718  	-0.1876  	-0.6476  	-0.5797  	0.24614  	-0.0130  	0.27645  	-0.2271  	-0.4481  	-0.2599  	-0.0120  	0.31178  	0.13327  	-0.3759  	-0.2567  	0.29399  	-0.0967  	0.26056  	0.19074  	-0.6865  	0.10578  	0.68931  	0.24640  	-0.2666  	0.48179  	-0.0782  	0.00925  	-0.0393  	0.06145  	-0.0434  	0.05943  	0.01735  	0.01348  	-0.0245  	0.06720  	-0.0140  	-0.0558  	-0.0462  	-0.0500  	-0.0284  	0.04880  	0.01618  	-0.0050  	0.06214  	-0.0005  	0.03450  	-0.0448  	0.05040  	-0.0047  	-0.0219  	0.50846  	1.05715  	129.237  	107.608  	
-0.0388  	0.32530  	0.42952  	-0.7959  	-0.6866  	-0.8388  	0.09153  	-0.1889  	0.21702  	0.15244  	0.10399  	0.21718  	0.26018  	0.07834  	-0.0461  	1.02587  	0.56695  	-0.1949  	0.65332  	-0.1250  	-0.1731  	-0.6934  	-0.6307  	0.24666  	-0.0268  	0.29682  	-0.2277  	-0.4669  	-0.2437  	-0.0161  	0.33536  	0.12341  	-0.3950  	-0.2897  	0.28092  	-0.1024  	0.24297  	0.19036  	-0.7100  	0.08885  	0.70446  	0.27289  	-0.2902  	0.49769  	-0.0900  	0.01336  	-0.0441  	0.06525  	-0.0465  	0.05703  	0.01860  	0.01446  	-0.0243  	0.07057  	-0.0127  	-0.0561  	-0.0467  	-0.0523  	-0.0283  	0.05056  	0.01712  	-0.0057  	0.05887  	-0.0004  	0.03192  	-0.0423  	0.05079  	-0.0046  	-0.0217  	0.51570  	1.05715  	129.237  	107.608  	
-0.0394  	0.32212  	0.42138  	-0.8002  	-0.6882  	-0.8332  	0.09846  	-0.2010  	0.22121  	0.15774  	0.10073  	0.21364  	0.25037  	0.08880  	-0.0582  	1.03806  	0.54823  	-0.1613  	0.63877  	-0.0718  	-0.1876  	-0.6476  	-0.5797  	0.24614  	-0.0130  	0.27645  	-0.2271  	-0.4481  	-0.2599  	-0.0120  	0.31178  	0.13327  	-0.3759  	-0.2567  	0.29399  	-0.0967  	0.26056  	0.19074  	-0.6865  	0.10578  	0.68931  	0.24640  	-0.2666  	0.48179  	-0.0782  	0.00925  	-0.0393  	0.06145  	-0.0434  	0.05943  	0.01735  	0.01348  	-0.0245  	0.06720  	-0.0140  	-0.0558  	-0.0462  	-0.0500  	-0.0284  	0.04880  	0.01618  	-0.0050  	0.06214  	-0.0005  	0.02951  	-0.0399  	0.05127  	-0.0038  	-0.0214  	0.52370  	1.05715  	129.237  	107.608  	
-0.0417  	0.30942  	0.38880  	-0.8174  	-0.6946  	-0.8109  	0.12616  	-0.2492  	0.23795  	0.17895  	0.08771  	0.19945  	0.21114  	0.13066  	-0.1066  	1.08681  	0.47338  	-0.0271  	0.58059  	0.14088  	-0.2455  	-0.4641  	-0.3758  	0.24406  	0.04224  	0.19494  	-0.2244  	-0.3728  	-0.3246  	0.00436  	0.21745  	0.17271  	-0.2997  	-0.1245  	0.34626  	-0.0738  	0.33091  	0.19226  	-0.5928  	0.17351  	0.62867  	0.14045  	-0.1720  	0.41819  	-0.0306  	-0.0071  	-0.0200  	0.04627  	-0.0309  	0.06906  	0.01237  	0.00957  	-0.0256  	0.05373  	-0.0190  	-0.0547  	-0.0441  	-0.0409  	-0.0289  	0.04175  	0.01241  	-0.0024  	0.07523  	-0.0009  	0.02753  	-0.0386  	0.05211  	-0.0027  	-0.0204  	0.51922  	1.05715  	129.237  	107.608  	
-0.0446  	0.29355  	0.34808  	-0.8389  	-0.7027  	-0.7830  	0.16078  	-0.3095  	0.25887  	0.20547  	0.07143  	0.18171  	0.16209  	0.18298  	-0.1671  	1.14774  	0.37981  	0.14058  	0.50786  	0.40677  	-0.3180  	-0.2348  	-0.1210  	0.24146  	0.11138  	0.09305  	-0.2211  	-0.2787  	-0.4055  	0.02482  	0.09953  	0.22201  	-0.2045  	0.04063  	0.41160  	-0.0452  	0.41885  	0.19415  	-0.4756  	0.25817  	0.55287  	0.00802  	-0.0537  	0.33870  	0.02882  	-0.0277  	0.00401  	0.02728  	-0.0152  	0.08109  	0.00614  	0.00467  	-0.0269  	0.03689  	-0.0252  	-0.0532  	-0.0416  	-0.0294  	-0.0295  	0.03295  	0.00770  	0.00074  	0.09159  	-0.0014  	0.02698  	-0.0383  	0.05220  	-0.0016  	-0.0200  	0.53382  	1.05715  	129.237  	107.608  	
-0.0446  	0.29355  	0.34808  	-0.8389  	-0.7027  	-0.7830  	0.16078  	-0.3095  	0.25887  	0.20547  	0.07143  	0.18171  	0.16209  	0.18298  	-0.1671  	1.14774  	0.37981  	0.14058  	0.50786  	0.40677  	-0.3180  	-0.2348  	-0.1210  	0.24146  	0.11138  	0.09305  	-0.2211  	-0.2787  	-0.4055  	0.02482  	0.09953  	0.22201  	-0.2045  	0.04063  	0.41160  	-0.0452  	0.41885  	0.19415  	-0.4756  	0.25817  	0.55287  	0.00802  	-0.0537  	0.33870  	0.02882  	-0.0277  	0.00401  	0.02728  	-0.0152  	0.08109  	0.00614  	0.00467  	-0.0269  	0.03689  	-0.0252  	-0.0532  	-0.0416  	-0.0294  	-0.0295  	0.03295  	0.00770  	0.00074  	0.09159  	-0.0014  	0.02855  	-0.0392  	0.05159  	-0.0004  	-0.0201  	0.53913  	1.05715  	129.237  	107.608  	
-0.0446  	0.29355  	0.34808  	-0.8389  	-0.7027  	-0.7830  	0.16078  	-0.3095  	0.25887  	0.20547  	0.07143  	0.18171  	0.16209  	0.18298  	-0.1671  	1.14774  	0.37981  	0.14058  	0.50786  	0.40677  	-0.3180  	-0.2348  	-0.1210  	0.24146  	0.11138  	0.09305  	-0.2211  	-0.2787  	-0.4055  	0.02482  	0.09953  	0.22201  	-0.2045  	0.04063  	0.41160  	-0.0452  	0.41885  	0.19415  	-0.4756  	0.25817  	0.55287  	0.00802  	-0.0537  	0.33870  	0.02882  	-0.0277  	0.00401  	0.02728  	-0.0152  	0.08109  	0.00614  	0.00467  	-0.0269  	0.03689  	-0.0252  	-0.0532  	-0.0416  	-0.0294  	-0.0295  	0.03295  	0.00770  	0.00074  	0.09159  	-0.0014  	0.03179  	-0.0401  	0.05076  	0.00076  	-0.0204  	0.53734  	1.05715  	129.237  	107.608  	
-0.0446  	0.29355  	0.34808  	-0.8389  	-0.7027  	-0.7830  	0.16078  	-0.3095  	0.25887  	0.20547  	0.07143  	0.18171  	0.16209  	0.18298  	-0.1671  	1.14774  	0.37981  	0.14058  	0.50786  	0.40677  	-0.3180  	-0.2348  	-0.1210  	0.24146  	0.11138  	0.09305  	-0.2211  	-0.2787  	-0.4055  	0.02482  	0.09953  	0.22201  	-0.2045  	0.04063  	0.41160  	-0.0452  	0.41885  	0.19415  	-0.4756  	0.25817  	0.55287  	0.00802  	-0.0537  	0.33870  	0.02882  	-0.0277  	0.00401  	0.02728  	-0.0152  	0.08109  	0.00614  	0.00467  	-0.0269  	0.03689  	-0.0252  	-0.0532  	-0.0416  	-0.0294  	-0.0295  	0.03295  	0.00770  	0.00074  	0.09159  	-0.0014  	0.03544  	-0.0417  	0.04953  	0.00173  	-0.0213  	0.54802  	1.05715  	129.237  	107.608  	
-0.0446  	0.29355  	0.34808  	-0.8389  	-0.7027  	-0.7830  	0.16078  	-0.3095  	0.25887  	0.20547  	0.07143  	0.18171  	0.16209  	0.18298  	-0.1671  	1.14774  	0.37981  	0.14058  	0.50786  	0.40677  	-0.3180  	-0.2348  	-0.1210  	0.24146  	0.11138  	0.09305  	-0.2211  	-0.2787  	-0.4055  	0.02482  	0.09953  	0.22201  	-0.2045  	0.04063  	0.41160  	-0.0452  	0.41885  	0.19415  	-0.4756  	0.25817  	0.55287  	0.00802  	-0.0537  	0.33870  	0.02882  	-0.0277  	0.00401  	0.02728  	-0.0152  	0.08109  	0.00614  	0.00467  	-0.0269  	0.03689  	-0.0252  	-0.0532  	-0.0416  	-0.0294  	-0.0295  	0.03295  	0.00770  	0.00074  	0.09159  	-0.0014  	0.04033  	-0.0436  	0.04800  	0.00240  	-0.0230  	0.55931  	1.05715  	129.237  	107.608  	
-0.0446  	0.29355  	0.34808  	-0.8389  	-0.7027  	-0.7830  	0.16078  	-0.3095  	0.25887  	0.20547  	0.07143  	0.18171  	0.16209  	0.18298  	-0.1671  	1.14774  	0.37981  	0.14058  	0.50786  	0.40677  	-0.3180  	-0.2348  	-0.1210  	0.24146  	0.11138  	0.09305  	-0.2211  	-0.2787  	-0.4055  	0.02482  	0.09953  	0.22201  	-0.2045  	0.04063  	0.41160  	-0.0452  	0.41885  	0.19415  	-0.4756  	0.25817  	0.55287  	0.00802  	-0.0537  	0.33870  	0.02882  	-0.0277  	0.00401  	0.02728  	-0.0152  	0.08109  	0.00614  	0.00467  	-0.0269  	0.03689  	-0.0252  	-0.0532  	-0.0416  	-0.0294  	-0.0295  	0.03295  	0.00770  	0.00074  	0.09159  	-0.0014  	0.04552  	-0.0451  	0.04638  	0.00237  	-0.0251  	0.57766  	1.05715  	129.237  	107.608  	
-0.0446  	0.29355  	0.34808  	-0.8389  	-0.7027  	-0.7830  	0.16078  	-0.3095  	0.25887  	0.20547  	0.07143  	0.18171  	0.16209  	0.18298  	-0.1671  	1.14774  	0.37981  	0.14058  	0.50786  	0.40677  	-0.3180  	-0.2348  	-0.1210  	0.24146  	0.11138  	0.09305  	-0.2211  	-0.2787  	-0.4055  	0.02482  	0.09953  	0.22201  	-0.2045  	0.04063  	0.41160  	-0.0452  	0.41885  	0.19415  	-0.4756  	0.25817  	0.55287  	0.00802  	-0.0537  	0.33870  	0.02882  	-0.0277  	0.00401  	0.02728  	-0.0152  	0.08109  	0.00614  	0.00467  	-0.0269  	0.03689  	-0.0252  	-0.0532  	-0.0416  	-0.0294  	-0.0295  	0.03295  	0.00770  	0.00074  	0.09159  	-0.0014  	0.05002  	-0.0457  	0.04485  	0.00220  	-0.0269  	0.58574  	1.05715  	129.237  	107.608  	
-0.0446  	0.29355  	0.34808  	-0.8389  	-0.7027  	-0.7830  	0.16078  	-0.3095  	0.25887  	0.20547  	0.07143  	0.18171  	0.16209  	0.18298  	-0.1671  	1.14774  	0.37981  	0.14058  	0.50786  	0.40677  	-0.3180  	-0.2348  	-0.1210  	0.24146  	0.11138  	0.09305  	-0.2211  	-0.2787  	-0.4055  	0.02482  	0.09953  	0.22201  	-0.2045  	0.04063  	0.41160  	-0.0452  	0.41885  	0.19415  	-0.4756  	0.25817  	0.55287  	0.00802  	-0.0537  	0.33870  	0.02882  	-0.0277  	0.00401  	0.02728  	-0.0152  	0.08109  	0.00614  	0.00467  	-0.0269  	0.03689  	-0.0252  	-0.0532  	-0.0416  	-0.0294  	-0.0295  	0.03295  	0.00770  	0.00074  	0.09159  	-0.0014  	0.05365  	-0.0459  	0.04353  	0.00171  	-0.0284  	0.58987  	1.05715  	129.237  	107.608  	
-0.0446  	0.29355  	0.34808  	-0.8389  	-0.7027  	-0.7830  	0.16078  	-0.3095  	0.25887  	0.20547  	0.07143  	0.18171  	0.16209  	0.18298  	-0.1671  	1.14774  	0.37981  	0.14058  	0.50786  	0.40677  	-0.3180  	-0.2348  	-0.1210  	0.24146  	0.11138  	0.09305  	-0.2211  	-0.2787  	-0.4055  	0.02482  	0.09953  	0.22201  	-0.2045  	0.04063  	0.41160  	-0.0452  	0.41885  	0.19415  	-0.4756  	0.25817  	0.55287  	0.00802  	-0.0537  	0.33870  	0.02882  	-0.0277  	0.00401  	0.02728  	-0.0152  	0.08109  	0.00614  	0.00467  	-0.0269  	0.03689  	-0.0252  	-0.0532  	-0.0416  	-0.0294  	-0.0295  	0.03295  	0.00770  	0.00074  	0.09159  	-0.0014  	0.05501  	-0.0453  	0.04216  	0.00113  	-0.0294  	0.60300  	1.05715  	129.237  	107.608  	
-0.0446  	0.29355  	0.34808  	-0.8389  	-0.7027  	-0.7830  	0.16078  	-0.3095  	0.25887  	0.20547  	0.07143  	0.18171  	0.16209  	0.18298  	-0.1671  	1.14774  	0.37981  	0.14058  	0.50786  	0.40677  	-0.3180  	-0.2348  	-0.1210  	0.24146  	0.11138  	0.09305  	-0.2211  	-0.2787  	-0.4055  	0.02482  	0.09953  	0.22201  	-0.2045  	0.04063  	0.41160  	-0.0452  	0.41885  	0.19415  	-0.4756  	0.25817  	0.55287  	0.00802  	-0.0537  	0.33870  	0.02882  	-0.0277  	0.00401  	0.02728  	-0.0152  	0.08109  	0.00614  	0.00467  	-0.0269  	0.03689  	-0.0252  	-0.0532  	-0.0416  	-0.0294  	-0.0295  	0.03295  	0.00770  	0.00074  	0.09159  	-0.0014  	0.05406  	-0.0439  	0.04140  	0.00041  	-0.0307  	0.61374  	1.05715  	129.237  	107.608  	
-0.0446  	0.29355  	0.34808  	-0.8389  	-0.7027  	-0.7830  	0.16078  	-0.3095  	0.25887  	0.20547  	0.07143  	0.18171  	0.16209  	0.18298  	-0.1671  	1.14774  	0.37981  	0.14058  	0.50786  	0.40677  	-0.3180  	-0.2348  	-0.1210  	0.24146  	0.11138  	0.09305  	-0.2211  	-0.2787  	-0.4055  	0.02482  	0.09953  	0.22201  	-0.2045  	0.04063  	0.41160  	-0.0452  	0.41885  	0.19415  	-0.4756  	0.25817  	0.55287  	0.00802  	-0.0537  	0.33870  	0.02882  	-0.0277  	0.00401  	0.02728  	-0.0152  	0.08109  	0.00614  	0.00467  	-0.0269  	0.03689  	-0.0252  	-0.0532  	-0.0416  	-0.0294  	-0.0295  	0.03295  	0.00770  	0.00074  	0.09159  	-0.0014  	0.05473  	-0.0422  	0.04106  	4.66729  	-0.0322  	0.62621  	1.05715  	129.237  	107.608  	
-0.0446  	0.29355  	0.34808  	-0.8389  	-0.7027  	-0.7830  	0.16078  	-0.3095  	0.25887  	0.20547  	0.07143  	0.18171  	0.16209  	0.18298  	-0.1671  	1.14774  	0.37981  	0.14058  	0.50786  	0.40677  	-0.3180  	-0.2348  	-0.1210  	0.24146  	0.11138  	0.09305  	-0.2211  	-0.2787  	-0.4055  	0.02482  	0.09953  	0.22201  	-0.2045  	0.04063  	0.41160  	-0.0452  	0.41885  	0.19415  	-0.4756  	0.25817  	0.55287  	0.00802  	-0.0537  	0.33870  	0.02882  	-0.0277  	0.00401  	0.02728  	-0.0152  	0.08109  	0.00614  	0.00467  	-0.0269  	0.03689  	-0.0252  	-0.0532  	-0.0416  	-0.0294  	-0.0295  	0.03295  	0.00770  	0.00074  	0.09159  	-0.0014  	0.05311  	-0.0400  	0.04136  	-0.0003  	-0.0323  	0.62316  	1.05715  	129.237  	107.608  	
-0.0446  	0.29355  	0.34808  	-0.8389  	-0.7027  	-0.7830  	0.16078  	-0.3095  	0.25887  	0.20547  	0.07143  	0.18171  	0.16209  	0.18298  	-0.1671  	1.14774  	0.37981  	0.14058  	0.50786  	0.40677  	-0.3180  	-0.2348  	-0.1210  	0.24146  	0.11138  	0.09305  	-0.2211  	-0.2787  	-0.4055  	0.02482  	0.09953  	0.22201  	-0.2045  	0.04063  	0.41160  	-0.0452  	0.41885  	0.19415  	-0.4756  	0.25817  	0.55287  	0.00802  	-0.0537  	0.33870  	0.02882  	-0.0277  	0.00401  	0.02728  	-0.0152  	0.08109  	0.00614  	0.00467  	-0.0269  	0.03689  	-0.0252  	-0.0532  	-0.0416  	-0.0294  	-0.0295  	0.03295  	0.00770  	0.00074  	0.09159  	-0.0014  	0.05111  	-0.0392  	0.04145  	-0.0008  	-0.0317  	0.62379  	1.05715  	129.237  	107.608  	
-0.0446  	0.29355  	0.34808  	-0.8389  	-0.7027  	-0.7830  	0.16078  	-0.3095  	0.25887  	0.20547  	0.07143  	0.18171  	0.16209  	0.18298  	-0.1671  	1.14774  	0.37981  	0.14058  	0.50786  	0.40677  	-0.3180  	-0.2348  	-0.1210  	0.24146  	0.11138  	0.09305  	-0.2211  	-0.2787  	-0.4055  	0.02482  	0.09953  	0.22201  	-0.2045  	0.04063  	0.41160  	-0.0452  	0.41885  	0.19415  	-0.4756  	0.25817  	0.55287  	0.00802  	-0.0537  	0.33870  	0.02882  	-0.0277  	0.00401  	0.02728  	-0.0152  	0.08109  	0.00614  	0.00467  	-0.0269  	0.03689  	-0.0252  	-0.0532  	-0.0416  	-0.0294  	-0.0295  	0.03295  	0.00770  	0.00074  	0.09159  	-0.0014  	0.04858  	-0.0395  	0.04104  	-0.0011  	-0.0317  	0.62237  	1.05715  	129.237  	107.608  	
-0.0446  	0.29355  	0.34808  	-0.8389  	-0.7027  	-0.7830  	0.16078  	-0.3095  	0.25887  	0.20547  	0.07143  	0.18171  	0.16209  	0.18298  	-0.1671  	1.14774  	0.37981  	0.14058  	0.50786  	0.40677  	-0.3180  	-0.2348  	-0.1210  	0.24146  	0.11138  	0.09305  	-0.2211  	-0.2787  	-0.4055  	0.02482  	0.09953  	0.22201  	-0.2045  	0.04063  	0.41160  	-0.0452  	0.41885  	0.19415  	-0.4756  	0.25817  	0.55287  	0.00802  	-0.0537  	0.33870  	0.02882  	-0.0277  	0.00401  	0.02728  	-0.0152  	0.08109  	0.00614  	0.00467  	-0.0269  	0.03689  	-0.0252  	-0.0532  	-0.0416  	-0.0294  	-0.0295  	0.03295  	0.00770  	0.00074  	0.09159  	-0.0014  	0.04676  	-0.0411  	0.04085  	-0.0010  	-0.0316  	0.60767  	1.05715  	129.237  	107.608  	
-0.0446  	0.29355  	0.34808  	-0.8389  	-0.7027  	-0.7830  	0.16078  	-0.3095  	0.25887  	0.20547  	0.07143  	0.18171  	0.16209  	0.18298  	-0.1671  	1.14774  	0.37981  	0.14058  	0.50786  	0.40677  	-0.3180  	-0.2348  	-0.1210  	0.24146  	0.11138  	0.09305  	-0.2211  	-0.2787  	-0.4055  	0.02482  	0.09953  	0.22201  	-0.2045  	0.04063  	0.41160  	-0.0452  	0.41885  	0.19415  	-0.4756  	0.25817  	0.55287  	0.00802  	-0.0537  	0.33870  	0.02882  	-0.0277  	0.00401  	0.02728  	-0.0152  	0.08109  	0.00614  	0.00467  	-0.0269  	0.03689  	-0.0252  	-0.0532  	-0.0416  	-0.0294  	-0.0295  	0.03295  	0.00770  	0.00074  	0.09159  	-0.0014  	0.04436  	-0.0425  	0.04133  	-0.0009  	-0.0311  	0.59620  	1.05715  	129.237  	107.608  	
-0.0446  	0.29355  	0.34808  	-0.8389  	-0.7027  	-0.7830  	0.16078  	-0.3095  	0.25887  	0.20547  	0.07143  	0.18171  	0.16209  	0.18298  	-0.1671  	1.14774  	0.37981  	0.14058  	0.50786  	0.40677  	-0.3180  	-0.2348  	-0.1210  	0.24146  	0.11138  	0.09305  	-0.2211  	-0.2787  	-0.4055  	0.02482  	0.09953  	0.22201  	-0.2045  	0.04063  	0.41160  	-0.0452  	0.41885  	0.19415  	-0.4756  	0.25817  	0.55287  	0.00802  	-0.0537  	0.33870  	0.02882  	-0.0277  	0.00401  	0.02728  	-0.0152  	0.08109  	0.00614  	0.00467  	-0.0269  	0.03689  	-0.0252  	-0.0532  	-0.0416  	-0.0294  	-0.0295  	0.03295  	0.00770  	0.00074  	0.09159  	-0.0014  	0.04304  	-0.0447  	0.04121  	-0.0007  	-0.0304  	0.59329  	1.05715  	129.237  	107.608  	
-0.0446  	0.29355  	0.34808  	-0.8389  	-0.7027  	-0.7830  	0.16078  	-0.3095  	0.25887  	0.20547  	0.07143  	0.18171  	0.16209  	0.18298  	-0.1671  	1.14774  	0.37981  	0.14058  	0.50786  	0.40677  	-0.3180  	-0.2348  	-0.1210  	0.24146  	0.11138  	0.09305  	-0.2211  	-0.2787  	-0.4055  	0.02482  	0.09953  	0.22201  	-0.2045  	0.04063  	0.41160  	-0.0452  	0.41885  	0.19415  	-0.4756  	0.25817  	0.55287  	0.00802  	-0.0537  	0.33870  	0.02882  	-0.0277  	0.00401  	0.02728  	-0.0152  	0.08109  	0.00614  	0.00467  	-0.0269  	0.03689  	-0.0252  	-0.0532  	-0.0416  	-0.0294  	-0.0295  	0.03295  	0.00770  	0.00074  	0.09159  	-0.0014  	0.04317  	-0.0462  	0.04059  	-0.0004  	-0.0306  	0.58965  	1.05715  	129.237  	107.608  	
-0.0446  	0.29355  	0.34808  	-0.8389  	-0.7027  	-0.7830  	0.16078  	-0.3095  	0.25887  	0.20547  	0.07143  	0.18171  	0.16209  	0.18298  	-0.1671  	1.14774  	0.37981  	0.14058  	0.50786  	0.40677  	-0.3180  	-0.2348  	-0.1210  	0.24146  	0.11138  	0.09305  	-0.2211  	-0.2787  	-0.4055  	0.02482  	0.09953  	0.22201  	-0.2045  	0.04063  	0.41160  	-0.0452  	0.41885  	0.19415  	-0.4756  	0.25817  	0.55287  	0.00802  	-0.0537  	0.33870  	0.02882  	-0.0277  	0.00401  	0.02728  	-0.0152  	0.08109  	0.00614  	0.00467  	-0.0269  	0.03689  	-0.0252  	-0.0532  	-0.0416  	-0.0294  	-0.0295  	0.03295  	0.00770  	0.00074  	0.09159  	-0.0014  	0.04468  	-0.0471  	0.04027  	-0.0003  	-0.0308  	0.58724  	1.05715  	129.237  	107.608  	
-0.0446  	0.29355  	0.34808  	-0.8389  	-0.7027  	-0.7830  	0.16078  	-0.3095  	0.25887  	0.20547  	0.07143  	0.18171  	0.16209  	0.18298  	-0.1671  	1.14774  	0.37981  	0.14058  	0.50786  	0.40677  	-0.3180  	-0.2348  	-0.1210  	0.24146  	0.11138  	0.09305  	-0.2211  	-0.2787  	-0.4055  	0.02482  	0.09953  	0.22201  	-0.2045  	0.04063  	0.41160  	-0.0452  	0.41885  	0.19415  	-0.4756  	0.25817  	0.55287  	0.00802  	-0.0537  	0.33870  	0.02882  	-0.0277  	0.00401  	0.02728  	-0.0152  	0.08109  	0.00614  	0.00467  	-0.0269  	0.03689  	-0.0252  	-0.0532  	-0.0416  	-0.0294  	-0.0295  	0.03295  	0.00770  	0.00074  	0.09159  	-0.0014  	0.04637  	-0.0462  	0.04037  	-0.0002  	-0.0306  	0.57821  	1.05715  	129.237  	107.608  	
-0.0446  	0.29355  	0.34808  	-0.8389  	-0.7027  	-0.7830  	0.16078  	-0.3095  	0.25887  	0.20547  	0.07143  	0.18171  	0.16209  	0.18298  	-0.1671  	1.14774  	0.37981  	0.14058  	0.50786  	0.40677  	-0.3180  	-0.2348  	-0.1210  	0.24146  	0.11138  	0.09305  	-0.2211  	-0.2787  	-0.4055  	0.02482  	0.09953  	0.22201  	-0.2045  	0.04063  	0.41160  	-0.0452  	0.41885  	0.19415  	-0.4756  	0.25817  	0.55287  	0.00802  	-0.0537  	0.33870  	0.02882  	-0.0277  	0.00401  	0.02728  	-0.0152  	0.08109  	0.00614  	0.00467  	-0.0269  	0.03689  	-0.0252  	-0.0532  	-0.0416  	-0.0294  	-0.0295  	0.03295  	0.00770  	0.00074  	0.09159  	-0.0014  	0.04793  	-0.0444  	0.04140  	-0.0003  	-0.0298  	0.55710  	1.05715  	129.237  	107.608  	
-0.0446  	0.29355  	0.34808  	-0.8389  	-0.7027  	-0.7830  	0.16078  	-0.3095  	0.25887  	0.20547  	0.07143  	0.18171  	0.16209  	0.18298  	-0.1671  	1.14774  	0.37981  	0.14058  	0.50786  	0.40677  	-0.3180  	-0.2348  	-0.1210  	0.24146  	0.11138  	0.09305  	-0.2211  	-0.2787  	-0.4055  	0.02482  	0.09953  	0.22201  	-0.2045  	0.04063  	0.41160  	-0.0452  	0.41885  	0.19415  	-0.4756  	0.25817  	0.55287  	0.00802  	-0.0537  	0.33870  	0.02882  	-0.0277  	0.00401  	0.02728  	-0.0152  	0.08109  	0.00614  	0.00467  	-0.0269  	0.03689  	-0.0252  	-0.0532  	-0.0416  	-0.0294  	-0.0295  	0.03295  	0.00770  	0.00074  	0.09159  	-0.0014  	0.04770  	-0.0416  	0.04215  	0.00029  	-0.0296  	0.55174  	1.05715  	129.237  	107.608  	
-0.0446  	0.29355  	0.34808  	-0.8389  	-0.7027  	-0.7830  	0.16078  	-0.3095  	0.25887  	0.20547  	0.07143  	0.18171  	0.16209  	0.18298  	-0.1671  	1.14774  	0.37981  	0.14058  	0.50786  	0.40677  	-0.3180  	-0.2348  	-0.1210  	0.24146  	0.11138  	0.09305  	-0.2211  	-0.2787  	-0.4055  	0.02482  	0.09953  	0.22201  	-0.2045  	0.04063  	0.41160  	-0.0452  	0.41885  	0.19415  	-0.4756  	0.25817  	0.55287  	0.00802  	-0.0537  	0.33870  	0.02882  	-0.0277  	0.00401  	0.02728  	-0.0152  	0.08109  	0.00614  	0.00467  	-0.0269  	0.03689  	-0.0252  	-0.0532  	-0.0416  	-0.0294  	-0.0295  	0.03295  	0.00770  	0.00074  	0.09159  	-0.0014  	0.04570  	-0.0407  	0.04304  	0.00093  	-0.0294  	0.55342  	1.05715  	129.237  	107.608  	
-0.0446  	0.29355  	0.34808  	-0.8389  	-0.7027  	-0.7830  	0.16078  	-0.3095  	0.25887  	0.20547  	0.07143  	0.18171  	0.16209  	0.18298  	-0.1671  	1.14774  	0.37981  	0.14058  	0.50786  	0.40677  	-0.3180  	-0.2348  	-0.1210  	0.24146  	0.11138  	0.09305  	-0.2211  	-0.2787  	-0.4055  	0.02482  	0.09953  	0.22201  	-0.2045  	0.04063  	0.41160  	-0.0452  	0.41885  	0.19415  	-0.4756  	0.25817  	0.55287  	0.00802  	-0.0537  	0.33870  	0.02882  	-0.0277  	0.00401  	0.02728  	-0.0152  	0.08109  	0.00614  	0.00467  	-0.0269  	0.03689  	-0.0252  	-0.0532  	-0.0416  	-0.0294  	-0.0295  	0.03295  	0.00770  	0.00074  	0.09159  	-0.0014  	0.04252  	-0.0399  	0.04414  	0.00169  	-0.0291  	0.55884  	1.05715  	129.237  	107.608  	
-0.0446  	0.29355  	0.34808  	-0.8389  	-0.7027  	-0.7830  	0.16078  	-0.3095  	0.25887  	0.20547  	0.07143  	0.18171  	0.16209  	0.18298  	-0.1671  	1.14774  	0.37981  	0.14058  	0.50786  	0.40677  	-0.3180  	-0.2348  	-0.1210  	0.24146  	0.11138  	0.09305  	-0.2211  	-0.2787  	-0.4055  	0.02482  	0.09953  	0.22201  	-0.2045  	0.04063  	0.41160  	-0.0452  	0.41885  	0.19415  	-0.4756  	0.25817  	0.55287  	0.00802  	-0.0537  	0.33870  	0.02882  	-0.0277  	0.00401  	0.02728  	-0.0152  	0.08109  	0.00614  	0.00467  	-0.0269  	0.03689  	-0.0252  	-0.0532  	-0.0416  	-0.0294  	-0.0295  	0.03295  	0.00770  	0.00074  	0.09159  	-0.0014  	0.03816  	-0.0390  	0.04545  	0.00258  	-0.0287  	0.56801  	1.05715  	129.237  	107.608  	
-0.0446  	0.29355  	0.34808  	-0.8389  	-0.7027  	-0.7830  	0.16078  	-0.3095  	0.25887  	0.20547  	0.07143  	0.18171  	0.16209  	0.18298  	-0.1671  	1.14774  	0.37981  	0.14058  	0.50786  	0.40677  	-0.3180  	-0.2348  	-0.1210  	0.24146  	0.11138  	0.09305  	-0.2211  	-0.2787  	-0.4055  	0.02482  	0.09953  	0.22201  	-0.2045  	0.04063  	0.41160  	-0.0452  	0.41885  	0.19415  	-0.4756  	0.25817  	0.55287  	0.00802  	-0.0537  	0.33870  	0.02882  	-0.0277  	0.00401  	0.02728  	-0.0152  	0.08109  	0.00614  	0.00467  	-0.0269  	0.03689  	-0.0252  	-0.0532  	-0.0416  	-0.0294  	-0.0295  	0.03295  	0.00770  	0.00074  	0.09159  	-0.0014  	0.03260  	-0.0383  	0.04695  	0.00360  	-0.0282  	0.58092  	1.05715  	129.237  	107.608  	
-0.0446  	0.29355  	0.34808  	-0.8389  	-0.7027  	-0.7830  	0.16078  	-0.3095  	0.25887  	0.20547  	0.07143  	0.18171  	0.16209  	0.18298  	-0.1671  	1.14774  	0.37981  	0.14058  	0.50786  	0.40677  	-0.3180  	-0.2348  	-0.1210  	0.24146  	0.11138  	0.09305  	-0.2211  	-0.2787  	-0.4055  	0.02482  	0.09953  	0.22201  	-0.2045  	0.04063  	0.41160  	-0.0452  	0.41885  	0.19415  	-0.4756  	0.25817  	0.55287  	0.00802  	-0.0537  	0.33870  	0.02882  	-0.0277  	0.00401  	0.02728  	-0.0152  	0.08109  	0.00614  	0.00467  	-0.0269  	0.03689  	-0.0252  	-0.0532  	-0.0416  	-0.0294  	-0.0295  	0.03295  	0.00770  	0.00074  	0.09159  	-0.0014  	0.02586  	-0.0375  	0.04866  	0.00475  	-0.0277  	0.59757  	1.05715  	129.237  	107.608  	
-0.0446  	0.29355  	0.34808  	-0.8389  	-0.7027  	-0.7830  	0.16078  	-0.3095  	0.25887  	0.20547  	0.07143  	0.18171  	0.16209  	0.18298  	-0.1671  	1.14774  	0.37981  	0.14058  	0.50786  	0.40677  	-0.3180  	-0.2348  	-0.1210  	0.24146  	0.11138  	0.09305  	-0.2211  	-0.2787  	-0.4055  	0.02482  	0.09953  	0.22201  	-0.2045  	0.04063  	0.41160  	-0.0452  	0.41885  	0.19415  	-0.4756  	0.25817  	0.55287  	0.00802  	-0.0537  	0.33870  	0.02882  	-0.0277  	0.00401  	0.02728  	-0.0152  	0.08109  	0.00614  	0.00467  	-0.0269  	0.03689  	-0.0252  	-0.0532  	-0.0416  	-0.0294  	-0.0295  	0.03295  	0.00770  	0.00074  	0.09159  	-0.0014  	0.01794  	-0.0368  	0.05058  	0.00603  	-0.0271  	0.61797  	1.05715  	129.237  	107.608  	
